Blanche de Castille	/wiki/Blanche_de_Castille	https://fr.wikipedia.org/wiki/Blanche_de_Castille	https://fr.vikidia.org/wiki/Blanche_de_Castille
Blanche de Navarre	/wiki/Blanche_de_Navarre	https://fr.wikipedia.org/wiki/Blanche_de_Navarre	https://fr.vikidia.org/wiki/Blanche_de_Navarre
Blanchiment	/wiki/Blanchiment	https://fr.wikipedia.org/wiki/Blanchiment	https://fr.vikidia.org/wiki/Blanchiment
Blandine de Lyon	/wiki/Blandine_de_Lyon	https://fr.wikipedia.org/wiki/Blandine_de_Lyon	https://fr.vikidia.org/wiki/Blandine_de_Lyon
Blandy-les-Tours	/wiki/Blandy-les-Tours	https://fr.wikipedia.org/wiki/Blandy-les-Tours	https://fr.vikidia.org/wiki/Blandy-les-Tours
Blaniule mouchetée	/wiki/Blaniule_mouchet%C3%A9e	https://fr.wikipedia.org/wiki/Blaniule_mouchet%C3%A9e	https://fr.vikidia.org/wiki/Blaniule_mouchet%C3%A9e
Blason	/wiki/Blason	https://fr.wikipedia.org/wiki/Blason	https://fr.vikidia.org/wiki/Blason
Blason de Paris	/wiki/Blason_de_Paris	https://fr.wikipedia.org/wiki/Blason_de_Paris	https://fr.vikidia.org/wiki/Blason_de_Paris
Blason de Poudlard	/wiki/Blason_de_Poudlard	https://fr.wikipedia.org/wiki/Blason_de_Poudlard	https://fr.vikidia.org/wiki/Blason_de_Poudlard
Blasphème	/wiki/Blasph%C3%A8me	https://fr.wikipedia.org/wiki/Blasph%C3%A8me	https://fr.vikidia.org/wiki/Blasph%C3%A8me
Blastophage	/wiki/Blastophage	https://fr.wikipedia.org/wiki/Blastophage	https://fr.vikidia.org/wiki/Blastophage
Blatte	/wiki/Blatte	https://fr.wikipedia.org/wiki/Blatte	https://fr.vikidia.org/wiki/Blatte
Blatte américaine	/wiki/Blatte_am%C3%A9ricaine	https://fr.wikipedia.org/wiki/Blatte_am%C3%A9ricaine	https://fr.vikidia.org/wiki/Blatte_am%C3%A9ricaine
Blatte de Madagascar	/wiki/Blatte_de_Madagascar	https://fr.wikipedia.org/wiki/Blatte_de_Madagascar	https://fr.vikidia.org/wiki/Blatte_de_Madagascar
Blatte germanique	/wiki/Blatte_germanique	https://fr.wikipedia.org/wiki/Blatte_germanique	https://fr.vikidia.org/wiki/Blatte_germanique
Blatte orientale	/wiki/Blatte_orientale	https://fr.wikipedia.org/wiki/Blatte_orientale	https://fr.vikidia.org/wiki/Blatte_orientale
Bleach	/wiki/Bleach	https://fr.wikipedia.org/wiki/Bleach	https://fr.vikidia.org/wiki/Bleach
Blek le Rat	/wiki/Blek_le_Rat	https://fr.wikipedia.org/wiki/Blek_le_Rat	https://fr.vikidia.org/wiki/Blek_le_Rat
Blender	/wiki/Blender	https://fr.wikipedia.org/wiki/Blender	https://fr.vikidia.org/wiki/Blender
Blennie fluviatile	/wiki/Blennie_fluviatile	https://fr.wikipedia.org/wiki/Blennie_fluviatile	https://fr.vikidia.org/wiki/Blennie_fluviatile
Blennie ocellée	/wiki/Blennie_ocell%C3%A9e	https://fr.wikipedia.org/wiki/Blennie_ocell%C3%A9e	https://fr.vikidia.org/wiki/Blennie_ocell%C3%A9e
Blennie rayée	/wiki/Blennie_ray%C3%A9e	https://fr.wikipedia.org/wiki/Blennie_ray%C3%A9e	https://fr.vikidia.org/wiki/Blennie_ray%C3%A9e
Blessure	/wiki/Blessure	https://fr.wikipedia.org/wiki/Blessure	https://fr.vikidia.org/wiki/Blessure
Bleu	/wiki/Bleu	https://fr.wikipedia.org/wiki/Bleu	https://fr.vikidia.org/wiki/Bleu
Bleu (homonymie)	/wiki/Bleu_(homonymie)	https://fr.wikipedia.org/wiki/Bleu_(homonymie)	https://fr.vikidia.org/wiki/Bleu_(homonymie)
Bleu russe	/wiki/Bleu_russe	https://fr.wikipedia.org/wiki/Bleu_russe	https://fr.vikidia.org/wiki/Bleu_russe
Bleuet (fleur)	/wiki/Bleuet_(fleur)	https://fr.wikipedia.org/wiki/Bleuet_(fleur)	https://fr.vikidia.org/wiki/Bleuet_(fleur)
Bleuet (fruit)	/wiki/Bleuet_(fruit)	https://fr.wikipedia.org/wiki/Bleuet_(fruit)	https://fr.vikidia.org/wiki/Bleuet_(fruit)
Bleuet (homonymie)	/wiki/Bleuet_(homonymie)	https://fr.wikipedia.org/wiki/Bleuet_(homonymie)	https://fr.vikidia.org/wiki/Bleuet_(homonymie)
Bleuet des champs	/wiki/Bleuet_des_champs	https://fr.wikipedia.org/wiki/Bleuet_des_champs	https://fr.vikidia.org/wiki/Bleuet_des_champs
Bleymard - Mont Lozère	/wiki/Bleymard_-_Mont_Loz%C3%A8re	https://fr.wikipedia.org/wiki/Bleymard_-_Mont_Loz%C3%A8re	https://fr.vikidia.org/wiki/Bleymard_-_Mont_Loz%C3%A8re
Blitz (guerre)	/wiki/Blitz_(guerre)	https://fr.wikipedia.org/wiki/Blitz_(guerre)	https://fr.vikidia.org/wiki/Blitz_(guerre)
Blitz Wolf	/wiki/Blitz_Wolf	https://fr.wikipedia.org/wiki/Blitz_Wolf	https://fr.vikidia.org/wiki/Blitz_Wolf
Blitzkrieg	/wiki/Blitzkrieg	https://fr.wikipedia.org/wiki/Blitzkrieg	https://fr.vikidia.org/wiki/Blitzkrieg
Blitzkrieg (jeu vidéo)	/wiki/Blitzkrieg_(jeu_vid%C3%A9o)	https://fr.wikipedia.org/wiki/Blitzkrieg_(jeu_vid%C3%A9o)	https://fr.vikidia.org/wiki/Blitzkrieg_(jeu_vid%C3%A9o)
Blizzard	/wiki/Blizzard	https://fr.wikipedia.org/wiki/Blizzard	https://fr.vikidia.org/wiki/Blizzard
Blizzard Entertainment	/wiki/Blizzard_Entertainment	https://fr.wikipedia.org/wiki/Blizzard_Entertainment	https://fr.vikidia.org/wiki/Blizzard_Entertainment
Blob	/wiki/Blob	https://fr.wikipedia.org/wiki/Blob	https://fr.vikidia.org/wiki/Blob
Blobfish	/wiki/Blobfish	https://fr.wikipedia.org/wiki/Blobfish	https://fr.vikidia.org/wiki/Blobfish
Bloc POW	/wiki/Bloc_POW	https://fr.wikipedia.org/wiki/Bloc_POW	https://fr.vikidia.org/wiki/Bloc_POW
Bloc erratique	/wiki/Bloc_erratique	https://fr.wikipedia.org/wiki/Bloc_erratique	https://fr.vikidia.org/wiki/Bloc_erratique
Bloc national (France)	/wiki/Bloc_national_(France)	https://fr.wikipedia.org/wiki/Bloc_national_(France)	https://fr.vikidia.org/wiki/Bloc_national_(France)
Bloc opératoire	/wiki/Bloc_op%C3%A9ratoire	https://fr.wikipedia.org/wiki/Bloc_op%C3%A9ratoire	https://fr.vikidia.org/wiki/Bloc_op%C3%A9ratoire
Bloc québécois	/wiki/Bloc_qu%C3%A9b%C3%A9cois	https://fr.wikipedia.org/wiki/Bloc_qu%C3%A9b%C3%A9cois	https://fr.vikidia.org/wiki/Bloc_qu%C3%A9b%C3%A9cois
Bloc soviétique	/wiki/Bloc_sovi%C3%A9tique	https://fr.wikipedia.org/wiki/Bloc_sovi%C3%A9tique	https://fr.vikidia.org/wiki/Bloc_sovi%C3%A9tique
Block force	/wiki/Block_force	https://fr.wikipedia.org/wiki/Block_force	https://fr.vikidia.org/wiki/Block_force
Blockchain	/wiki/Blockchain	https://fr.wikipedia.org/wiki/Blockchain	https://fr.vikidia.org/wiki/Blockchain
Blockly	/wiki/Blockly	https://fr.wikipedia.org/wiki/Blockly	https://fr.vikidia.org/wiki/Blockly
Blocus	/wiki/Blocus	https://fr.wikipedia.org/wiki/Blocus	https://fr.vikidia.org/wiki/Blocus
Blocus continental	/wiki/Blocus_continental	https://fr.wikipedia.org/wiki/Blocus_continental	https://fr.vikidia.org/wiki/Blocus_continental
Blocus de Berlin	/wiki/Blocus_de_Berlin	https://fr.wikipedia.org/wiki/Blocus_de_Berlin	https://fr.vikidia.org/wiki/Blocus_de_Berlin
Bloemfontein	/wiki/Bloemfontein	https://fr.wikipedia.org/wiki/Bloemfontein	https://fr.vikidia.org/wiki/Bloemfontein
Blog	/wiki/Blog	https://fr.wikipedia.org/wiki/Blog	https://fr.vikidia.org/wiki/Blog
Blois	/wiki/Blois	https://fr.wikipedia.org/wiki/Blois	https://fr.vikidia.org/wiki/Blois
Blongios nain	/wiki/Blongios_nain	https://fr.wikipedia.org/wiki/Blongios_nain	https://fr.vikidia.org/wiki/Blongios_nain
Blood Diamond	/wiki/Blood_Diamond	https://fr.wikipedia.org/wiki/Blood_Diamond	https://fr.vikidia.org/wiki/Blood_Diamond
Blood Lad	/wiki/Blood_Lad	https://fr.wikipedia.org/wiki/Blood_Lad	https://fr.vikidia.org/wiki/Blood_Lad
Blood and Ice Cream Trilogy	/wiki/Blood_and_Ice_Cream_Trilogy	https://fr.wikipedia.org/wiki/Blood_and_Ice_Cream_Trilogy	https://fr.vikidia.org/wiki/Blood_and_Ice_Cream_Trilogy
Blood bowl	/wiki/Blood_bowl	https://fr.wikipedia.org/wiki/Blood_bowl	https://fr.vikidia.org/wiki/Blood_bowl
Bloody Bird	/wiki/Bloody_Bird	https://fr.wikipedia.org/wiki/Bloody_Bird	https://fr.vikidia.org/wiki/Bloody_Bird
Bloop	/wiki/Bloop	https://fr.wikipedia.org/wiki/Bloop	https://fr.vikidia.org/wiki/Bloop
Bloqueur de publicités	/wiki/Bloqueur_de_publicit%C3%A9s	https://fr.wikipedia.org/wiki/Bloqueur_de_publicit%C3%A9s	https://fr.vikidia.org/wiki/Bloqueur_de_publicit%C3%A9s
Blouson	/wiki/Blouson	https://fr.wikipedia.org/wiki/Blouson	https://fr.vikidia.org/wiki/Blouson
BlueKeep	/wiki/BlueKeep	https://fr.wikipedia.org/wiki/BlueKeep	https://fr.vikidia.org/wiki/BlueKeep
Blue Dragon	/wiki/Blue_Dragon	https://fr.wikipedia.org/wiki/Blue_Dragon	https://fr.vikidia.org/wiki/Blue_Dragon
Blue Fire	/wiki/Blue_Fire	https://fr.wikipedia.org/wiki/Blue_Fire	https://fr.vikidia.org/wiki/Blue_Fire
Blue Flame	/wiki/Blue_Flame	https://fr.wikipedia.org/wiki/Blue_Flame	https://fr.vikidia.org/wiki/Blue_Flame
Blues	/wiki/Blues	https://fr.wikipedia.org/wiki/Blues	https://fr.vikidia.org/wiki/Blues
Bluetooth	/wiki/Bluetooth	https://fr.wikipedia.org/wiki/Bluetooth	https://fr.vikidia.org/wiki/Bluetooth
Blur	/wiki/Blur	https://fr.wikipedia.org/wiki/Blur	https://fr.vikidia.org/wiki/Blur
Blé	/wiki/Bl%C3%A9	https://fr.wikipedia.org/wiki/Bl%C3%A9	https://fr.vikidia.org/wiki/Bl%C3%A9
Blé dur	/wiki/Bl%C3%A9_dur	https://fr.wikipedia.org/wiki/Bl%C3%A9_dur	https://fr.vikidia.org/wiki/Bl%C3%A9_dur
Blé tendre	/wiki/Bl%C3%A9_tendre	https://fr.wikipedia.org/wiki/Bl%C3%A9_tendre	https://fr.vikidia.org/wiki/Bl%C3%A9_tendre
Blériot XI	/wiki/Bl%C3%A9riot_XI	https://fr.wikipedia.org/wiki/Bl%C3%A9riot_XI	https://fr.vikidia.org/wiki/Bl%C3%A9riot_XI
Boa	/wiki/Boa	https://fr.wikipedia.org/wiki/Boa	https://fr.vikidia.org/wiki/Boa
Boa arc-en-ciel	/wiki/Boa_arc-en-ciel	https://fr.wikipedia.org/wiki/Boa_arc-en-ciel	https://fr.vikidia.org/wiki/Boa_arc-en-ciel
Boa constricteur	/wiki/Boa_constricteur	https://fr.wikipedia.org/wiki/Boa_constricteur	https://fr.vikidia.org/wiki/Boa_constricteur
Boa émeraude	/wiki/Boa_%C3%A9meraude	https://fr.wikipedia.org/wiki/Boa_%C3%A9meraude	https://fr.vikidia.org/wiki/Boa_%C3%A9meraude
Boabdil	/wiki/Boabdil	https://fr.wikipedia.org/wiki/Boabdil	https://fr.vikidia.org/wiki/Boabdil
Bob Burton Jr.	/wiki/Bob_Burton_Jr.	https://fr.wikipedia.org/wiki/Bob_Burton_Jr.	https://fr.vikidia.org/wiki/Bob_Burton_Jr.
Bob Dylan	/wiki/Bob_Dylan	https://fr.wikipedia.org/wiki/Bob_Dylan	https://fr.vikidia.org/wiki/Bob_Dylan
Bob Marley	/wiki/Bob_Marley	https://fr.wikipedia.org/wiki/Bob_Marley	https://fr.vikidia.org/wiki/Bob_Marley
Bob et Bobette	/wiki/Bob_et_Bobette	https://fr.wikipedia.org/wiki/Bob_et_Bobette	https://fr.vikidia.org/wiki/Bob_et_Bobette
Bob l'éponge	/wiki/Bob_l%27%C3%A9ponge	https://fr.wikipedia.org/wiki/Bob_l%27%C3%A9ponge	https://fr.vikidia.org/wiki/Bob_l%27%C3%A9ponge
Bob le bricoleur	/wiki/Bob_le_bricoleur	https://fr.wikipedia.org/wiki/Bob_le_bricoleur	https://fr.vikidia.org/wiki/Bob_le_bricoleur
Boba Fett	/wiki/Boba_Fett	https://fr.wikipedia.org/wiki/Boba_Fett	https://fr.vikidia.org/wiki/Boba_Fett
Bobby McFerrin	/wiki/Bobby_McFerrin	https://fr.wikipedia.org/wiki/Bobby_McFerrin	https://fr.vikidia.org/wiki/Bobby_McFerrin
Bobcat	/wiki/Bobcat	https://fr.wikipedia.org/wiki/Bobcat	https://fr.vikidia.org/wiki/Bobcat
Bobigny	/wiki/Bobigny	https://fr.wikipedia.org/wiki/Bobigny	https://fr.vikidia.org/wiki/Bobigny
Bobsleigh	/wiki/Bobsleigh	https://fr.wikipedia.org/wiki/Bobsleigh	https://fr.vikidia.org/wiki/Bobsleigh
Boby Lapointe	/wiki/Boby_Lapointe	https://fr.wikipedia.org/wiki/Boby_Lapointe	https://fr.vikidia.org/wiki/Boby_Lapointe
Bocage	/wiki/Bocage	https://fr.wikipedia.org/wiki/Bocage	https://fr.vikidia.org/wiki/Bocage
Boccace	/wiki/Boccace	https://fr.wikipedia.org/wiki/Boccace	https://fr.vikidia.org/wiki/Boccace
Bochum	/wiki/Bochum	https://fr.wikipedia.org/wiki/Bochum	https://fr.vikidia.org/wiki/Bochum
Bodhisattva	/wiki/Bodhisattva	https://fr.wikipedia.org/wiki/Bodhisattva	https://fr.vikidia.org/wiki/Bodhisattva
Bodink	/wiki/Bodink	https://fr.wikipedia.org/wiki/Bodink	https://fr.vikidia.org/wiki/Bodink
Bodrum	/wiki/Bodrum	https://fr.wikipedia.org/wiki/Bodrum	https://fr.vikidia.org/wiki/Bodrum
Bodys Isek Kingelez	/wiki/Bodys_Isek_Kingelez	https://fr.wikipedia.org/wiki/Bodys_Isek_Kingelez	https://fr.vikidia.org/wiki/Bodys_Isek_Kingelez
Boeing	/wiki/Boeing	https://fr.wikipedia.org/wiki/Boeing	https://fr.vikidia.org/wiki/Boeing
Boeing 377 Stratocruiser	/wiki/Boeing_377_Stratocruiser	https://fr.wikipedia.org/wiki/Boeing_377_Stratocruiser	https://fr.vikidia.org/wiki/Boeing_377_Stratocruiser
