Boeing 707	/wiki/Boeing_707	https://fr.wikipedia.org/wiki/Boeing_707	https://fr.vikidia.org/wiki/Boeing_707
Boeing 717	/wiki/Boeing_717	https://fr.wikipedia.org/wiki/Boeing_717	https://fr.vikidia.org/wiki/Boeing_717
Boeing 727	/wiki/Boeing_727	https://fr.wikipedia.org/wiki/Boeing_727	https://fr.vikidia.org/wiki/Boeing_727
Boeing 737	/wiki/Boeing_737	https://fr.wikipedia.org/wiki/Boeing_737	https://fr.vikidia.org/wiki/Boeing_737
Boeing 747	/wiki/Boeing_747	https://fr.wikipedia.org/wiki/Boeing_747	https://fr.vikidia.org/wiki/Boeing_747
Boeing 757	/wiki/Boeing_757	https://fr.wikipedia.org/wiki/Boeing_757	https://fr.vikidia.org/wiki/Boeing_757
Boeing 767	/wiki/Boeing_767	https://fr.wikipedia.org/wiki/Boeing_767	https://fr.vikidia.org/wiki/Boeing_767
Boeing 777	/wiki/Boeing_777	https://fr.wikipedia.org/wiki/Boeing_777	https://fr.vikidia.org/wiki/Boeing_777
Boeing 787	/wiki/Boeing_787	https://fr.wikipedia.org/wiki/Boeing_787	https://fr.vikidia.org/wiki/Boeing_787
Boers	/wiki/Boers	https://fr.wikipedia.org/wiki/Boers	https://fr.vikidia.org/wiki/Boers
Bofedal	/wiki/Bofedal	https://fr.wikipedia.org/wiki/Bofedal	https://fr.vikidia.org/wiki/Bofedal
Bogdan Rath	/wiki/Bogdan_Rath	https://fr.wikipedia.org/wiki/Bogdan_Rath	https://fr.vikidia.org/wiki/Bogdan_Rath
Bogotá	/wiki/Bogot%C3%A1	https://fr.wikipedia.org/wiki/Bogot%C3%A1	https://fr.vikidia.org/wiki/Bogot%C3%A1
Bogue	/wiki/Bogue	https://fr.wikipedia.org/wiki/Bogue	https://fr.vikidia.org/wiki/Bogue
Bohol	/wiki/Bohol	https://fr.wikipedia.org/wiki/Bohol	https://fr.vikidia.org/wiki/Bohol
Bohrium	/wiki/Bohrium	https://fr.wikipedia.org/wiki/Bohrium	https://fr.vikidia.org/wiki/Bohrium
Bohême	/wiki/Boh%C3%AAme	https://fr.wikipedia.org/wiki/Boh%C3%AAme	https://fr.vikidia.org/wiki/Boh%C3%AAme
Boing	/wiki/Boing	https://fr.wikipedia.org/wiki/Boing	https://fr.vikidia.org/wiki/Boing
Bois	/wiki/Bois	https://fr.wikipedia.org/wiki/Bois	https://fr.vikidia.org/wiki/Bois
Bois-le-Duc	/wiki/Bois-le-Duc	https://fr.wikipedia.org/wiki/Bois-le-Duc	https://fr.vikidia.org/wiki/Bois-le-Duc
Bois (cervidé)	/wiki/Bois_(cervid%C3%A9)	https://fr.wikipedia.org/wiki/Bois_(cervid%C3%A9)	https://fr.vikidia.org/wiki/Bois_(cervid%C3%A9)
Bois (homonymie)	/wiki/Bois_(homonymie)	https://fr.wikipedia.org/wiki/Bois_(homonymie)	https://fr.vikidia.org/wiki/Bois_(homonymie)
Bois (musique)	/wiki/Bois_(musique)	https://fr.wikipedia.org/wiki/Bois_(musique)	https://fr.vikidia.org/wiki/Bois_(musique)
Bois de Boulogne	/wiki/Bois_de_Boulogne	https://fr.wikipedia.org/wiki/Bois_de_Boulogne	https://fr.vikidia.org/wiki/Bois_de_Boulogne
Bois de Vincennes	/wiki/Bois_de_Vincennes	https://fr.wikipedia.org/wiki/Bois_de_Vincennes	https://fr.vikidia.org/wiki/Bois_de_Vincennes
Bois de chauffage	/wiki/Bois_de_chauffage	https://fr.wikipedia.org/wiki/Bois_de_chauffage	https://fr.vikidia.org/wiki/Bois_de_chauffage
Boisson	/wiki/Boisson	https://fr.wikipedia.org/wiki/Boisson	https://fr.vikidia.org/wiki/Boisson
Boissy-Saint-Léger	/wiki/Boissy-Saint-L%C3%A9ger	https://fr.wikipedia.org/wiki/Boissy-Saint-L%C3%A9ger	https://fr.vikidia.org/wiki/Boissy-Saint-L%C3%A9ger
Boko Haram	/wiki/Boko_Haram	https://fr.wikipedia.org/wiki/Boko_Haram	https://fr.vikidia.org/wiki/Boko_Haram
Bolas	/wiki/Bolas	https://fr.wikipedia.org/wiki/Bolas	https://fr.vikidia.org/wiki/Bolas
Bolchevik	/wiki/Bolchevik	https://fr.wikipedia.org/wiki/Bolchevik	https://fr.vikidia.org/wiki/Bolchevik
Bolchoï	/wiki/Bolcho%C3%AF	https://fr.wikipedia.org/wiki/Bolcho%C3%AF	https://fr.vikidia.org/wiki/Bolcho%C3%AF
Bolet	/wiki/Bolet	https://fr.wikipedia.org/wiki/Bolet	https://fr.vikidia.org/wiki/Bolet
Bolet Satan	/wiki/Bolet_Satan	https://fr.wikipedia.org/wiki/Bolet_Satan	https://fr.vikidia.org/wiki/Bolet_Satan
Bolet bai	/wiki/Bolet_bai	https://fr.wikipedia.org/wiki/Bolet_bai	https://fr.vikidia.org/wiki/Bolet_bai
Bolet granulé	/wiki/Bolet_granul%C3%A9	https://fr.wikipedia.org/wiki/Bolet_granul%C3%A9	https://fr.vikidia.org/wiki/Bolet_granul%C3%A9
Bolivar	/wiki/Bolivar	https://fr.wikipedia.org/wiki/Bolivar	https://fr.vikidia.org/wiki/Bolivar
Bolivie	/wiki/Bolivie	https://fr.wikipedia.org/wiki/Bolivie	https://fr.vikidia.org/wiki/Bolivie
Bollywood	/wiki/Bollywood	https://fr.wikipedia.org/wiki/Bollywood	https://fr.vikidia.org/wiki/Bollywood
Bolobo	/wiki/Bolobo	https://fr.wikipedia.org/wiki/Bolobo	https://fr.vikidia.org/wiki/Bolobo
Bologne	/wiki/Bologne	https://fr.wikipedia.org/wiki/Bologne	https://fr.vikidia.org/wiki/Bologne
Bombarde	/wiki/Bombarde	https://fr.wikipedia.org/wiki/Bombarde	https://fr.vikidia.org/wiki/Bombarde
Bombardement	/wiki/Bombardement	https://fr.wikipedia.org/wiki/Bombardement	https://fr.vikidia.org/wiki/Bombardement
Bombardement de Dresde	/wiki/Bombardement_de_Dresde	https://fr.wikipedia.org/wiki/Bombardement_de_Dresde	https://fr.vikidia.org/wiki/Bombardement_de_Dresde
Bombardements atomiques de Hiroshima et Nagasaki	/wiki/Bombardements_atomiques_de_Hiroshima_et_Nagasaki	https://fr.wikipedia.org/wiki/Bombardements_atomiques_de_Hiroshima_et_Nagasaki	https://fr.vikidia.org/wiki/Bombardements_atomiques_de_Hiroshima_et_Nagasaki
Bombardier	/wiki/Bombardier	https://fr.wikipedia.org/wiki/Bombardier	https://fr.vikidia.org/wiki/Bombardier
Bombarral	/wiki/Bombarral	https://fr.wikipedia.org/wiki/Bombarral	https://fr.vikidia.org/wiki/Bombarral
Bombay	/wiki/Bombay	https://fr.wikipedia.org/wiki/Bombay	https://fr.vikidia.org/wiki/Bombay
Bombay (chat)	/wiki/Bombay_(chat)	https://fr.wikipedia.org/wiki/Bombay_(chat)	https://fr.vikidia.org/wiki/Bombay_(chat)
Bombe	/wiki/Bombe	https://fr.wikipedia.org/wiki/Bombe	https://fr.vikidia.org/wiki/Bombe
Bombe (équitation)	/wiki/Bombe_(%C3%A9quitation)	https://fr.wikipedia.org/wiki/Bombe_(%C3%A9quitation)	https://fr.vikidia.org/wiki/Bombe_(%C3%A9quitation)
Bombe atomique	/wiki/Bombe_atomique	https://fr.wikipedia.org/wiki/Bombe_atomique	https://fr.vikidia.org/wiki/Bombe_atomique
Bombe aérosol	/wiki/Bombe_a%C3%A9rosol	https://fr.wikipedia.org/wiki/Bombe_a%C3%A9rosol	https://fr.vikidia.org/wiki/Bombe_a%C3%A9rosol
Bombe à hydrogène	/wiki/Bombe_%C3%A0_hydrog%C3%A8ne	https://fr.wikipedia.org/wiki/Bombe_%C3%A0_hydrog%C3%A8ne	https://fr.vikidia.org/wiki/Bombe_%C3%A0_hydrog%C3%A8ne
Bombinatoridé	/wiki/Bombinatorid%C3%A9	https://fr.wikipedia.org/wiki/Bombinatorid%C3%A9	https://fr.vikidia.org/wiki/Bombinatorid%C3%A9
Bombyle	/wiki/Bombyle	https://fr.wikipedia.org/wiki/Bombyle	https://fr.vikidia.org/wiki/Bombyle
Bombyx de l'ailanthe	/wiki/Bombyx_de_l%27ailanthe	https://fr.wikipedia.org/wiki/Bombyx_de_l%27ailanthe	https://fr.vikidia.org/wiki/Bombyx_de_l%27ailanthe
Bombyx du mûrier	/wiki/Bombyx_du_m%C3%BBrier	https://fr.wikipedia.org/wiki/Bombyx_du_m%C3%BBrier	https://fr.vikidia.org/wiki/Bombyx_du_m%C3%BBrier
Bon Iver	/wiki/Bon_Iver	https://fr.wikipedia.org/wiki/Bon_Iver	https://fr.vikidia.org/wiki/Bon_Iver
Bon Jovi	/wiki/Bon_Jovi	https://fr.wikipedia.org/wiki/Bon_Jovi	https://fr.vikidia.org/wiki/Bon_Jovi
Bonbon	/wiki/Bonbon	https://fr.wikipedia.org/wiki/Bonbon	https://fr.vikidia.org/wiki/Bonbon
Bonchamp-lès-Laval	/wiki/Bonchamp-l%C3%A8s-Laval	https://fr.wikipedia.org/wiki/Bonchamp-l%C3%A8s-Laval	https://fr.vikidia.org/wiki/Bonchamp-l%C3%A8s-Laval
Boncourt	/wiki/Boncourt	https://fr.wikipedia.org/wiki/Boncourt	https://fr.vikidia.org/wiki/Boncourt
Bondrée apivore	/wiki/Bondr%C3%A9e_apivore	https://fr.wikipedia.org/wiki/Bondr%C3%A9e_apivore	https://fr.vikidia.org/wiki/Bondr%C3%A9e_apivore
Bondy	/wiki/Bondy	https://fr.wikipedia.org/wiki/Bondy	https://fr.vikidia.org/wiki/Bondy
Bonellie verte	/wiki/Bonellie_verte	https://fr.wikipedia.org/wiki/Bonellie_verte	https://fr.vikidia.org/wiki/Bonellie_verte
Bongare	/wiki/Bongare	https://fr.wikipedia.org/wiki/Bongare	https://fr.vikidia.org/wiki/Bongare
Bongare annelé	/wiki/Bongare_annel%C3%A9	https://fr.wikipedia.org/wiki/Bongare_annel%C3%A9	https://fr.vikidia.org/wiki/Bongare_annel%C3%A9
Bongare indien	/wiki/Bongare_indien	https://fr.wikipedia.org/wiki/Bongare_indien	https://fr.vikidia.org/wiki/Bongare_indien
Bongo	/wiki/Bongo	https://fr.wikipedia.org/wiki/Bongo	https://fr.vikidia.org/wiki/Bongo
Bongo (animal)	/wiki/Bongo_(animal)	https://fr.wikipedia.org/wiki/Bongo_(animal)	https://fr.vikidia.org/wiki/Bongo_(animal)
Bonheur	/wiki/Bonheur	https://fr.wikipedia.org/wiki/Bonheur	https://fr.vikidia.org/wiki/Bonheur
Bonhomme de neige	/wiki/Bonhomme_de_neige	https://fr.wikipedia.org/wiki/Bonhomme_de_neige	https://fr.vikidia.org/wiki/Bonhomme_de_neige
Boniface VIII	/wiki/Boniface_VIII	https://fr.wikipedia.org/wiki/Boniface_VIII	https://fr.vikidia.org/wiki/Boniface_VIII
Bonifacio	/wiki/Bonifacio	https://fr.wikipedia.org/wiki/Bonifacio	https://fr.vikidia.org/wiki/Bonifacio
Bonite	/wiki/Bonite	https://fr.wikipedia.org/wiki/Bonite	https://fr.vikidia.org/wiki/Bonite
Bonite à dos rayé	/wiki/Bonite_%C3%A0_dos_ray%C3%A9	https://fr.wikipedia.org/wiki/Bonite_%C3%A0_dos_ray%C3%A9	https://fr.vikidia.org/wiki/Bonite_%C3%A0_dos_ray%C3%A9
Bonjour	/wiki/Bonjour	https://fr.wikipedia.org/wiki/Bonjour	https://fr.vikidia.org/wiki/Bonjour
Bonn	/wiki/Bonn	https://fr.wikipedia.org/wiki/Bonn	https://fr.vikidia.org/wiki/Bonn
Bonnacon	/wiki/Bonnacon	https://fr.wikipedia.org/wiki/Bonnacon	https://fr.vikidia.org/wiki/Bonnacon
Bonnat	/wiki/Bonnat	https://fr.wikipedia.org/wiki/Bonnat	https://fr.vikidia.org/wiki/Bonnat
Bonne de Bourgogne	/wiki/Bonne_de_Bourgogne	https://fr.wikipedia.org/wiki/Bonne_de_Bourgogne	https://fr.vikidia.org/wiki/Bonne_de_Bourgogne
Bonne nuit les petits	/wiki/Bonne_nuit_les_petits	https://fr.wikipedia.org/wiki/Bonne_nuit_les_petits	https://fr.vikidia.org/wiki/Bonne_nuit_les_petits
Bonnet	/wiki/Bonnet	https://fr.wikipedia.org/wiki/Bonnet	https://fr.vikidia.org/wiki/Bonnet
Bonnet-Rouge	/wiki/Bonnet-Rouge	https://fr.wikipedia.org/wiki/Bonnet-Rouge	https://fr.vikidia.org/wiki/Bonnet-Rouge
Bonnet d'âne	/wiki/Bonnet_d%27%C3%A2ne	https://fr.wikipedia.org/wiki/Bonnet_d%27%C3%A2ne	https://fr.vikidia.org/wiki/Bonnet_d%27%C3%A2ne
Bonnet phrygien	/wiki/Bonnet_phrygien	https://fr.wikipedia.org/wiki/Bonnet_phrygien	https://fr.vikidia.org/wiki/Bonnet_phrygien
Bonnie Blair	/wiki/Bonnie_Blair	https://fr.wikipedia.org/wiki/Bonnie_Blair	https://fr.vikidia.org/wiki/Bonnie_Blair
Bonnie Wright	/wiki/Bonnie_Wright	https://fr.wikipedia.org/wiki/Bonnie_Wright	https://fr.vikidia.org/wiki/Bonnie_Wright
Bonnie et Clyde	/wiki/Bonnie_et_Clyde	https://fr.wikipedia.org/wiki/Bonnie_et_Clyde	https://fr.vikidia.org/wiki/Bonnie_et_Clyde
Bonnières-sur-Seine	/wiki/Bonni%C3%A8res-sur-Seine	https://fr.wikipedia.org/wiki/Bonni%C3%A8res-sur-Seine	https://fr.vikidia.org/wiki/Bonni%C3%A8res-sur-Seine
Bono	/wiki/Bono	https://fr.wikipedia.org/wiki/Bono	https://fr.vikidia.org/wiki/Bono
Bonobo	/wiki/Bonobo	https://fr.wikipedia.org/wiki/Bonobo	https://fr.vikidia.org/wiki/Bonobo
Bons baisers de Russie (film)	/wiki/Bons_baisers_de_Russie_(film)	https://fr.wikipedia.org/wiki/Bons_baisers_de_Russie_(film)	https://fr.vikidia.org/wiki/Bons_baisers_de_Russie_(film)
Bonsaï	/wiki/Bonsa%C3%AF	https://fr.wikipedia.org/wiki/Bonsa%C3%AF	https://fr.vikidia.org/wiki/Bonsa%C3%AF
Boo	/wiki/Boo	https://fr.wikipedia.org/wiki/Boo	https://fr.vikidia.org/wiki/Boo
Booba	/wiki/Booba	https://fr.wikipedia.org/wiki/Booba	https://fr.vikidia.org/wiki/Booba
Booker Washington	/wiki/Booker_Washington	https://fr.wikipedia.org/wiki/Booker_Washington	https://fr.vikidia.org/wiki/Booker_Washington
Boom Beach	/wiki/Boom_Beach	https://fr.wikipedia.org/wiki/Boom_Beach	https://fr.vikidia.org/wiki/Boom_Beach
Boomerang	/wiki/Boomerang	https://fr.wikipedia.org/wiki/Boomerang	https://fr.vikidia.org/wiki/Boomerang
