Boomerang (chaîne de télévision)	/wiki/Boomerang_(cha%C3%AEne_de_t%C3%A9l%C3%A9vision)	https://fr.wikipedia.org/wiki/Boomerang_(cha%C3%AEne_de_t%C3%A9l%C3%A9vision)	https://fr.vikidia.org/wiki/Boomerang_(cha%C3%AEne_de_t%C3%A9l%C3%A9vision)
Borchers	/wiki/Borchers	https://fr.wikipedia.org/wiki/Borchers	https://fr.vikidia.org/wiki/Borchers
Bordeaux	/wiki/Bordeaux	https://fr.wikipedia.org/wiki/Bordeaux	https://fr.vikidia.org/wiki/Bordeaux
Border collie	/wiki/Border_collie	https://fr.wikipedia.org/wiki/Border_collie	https://fr.vikidia.org/wiki/Border_collie
Borderlands 3	/wiki/Borderlands_3	https://fr.wikipedia.org/wiki/Borderlands_3	https://fr.vikidia.org/wiki/Borderlands_3
Bore	/wiki/Bore	https://fr.wikipedia.org/wiki/Bore	https://fr.vikidia.org/wiki/Bore
Borgia	/wiki/Borgia	https://fr.wikipedia.org/wiki/Borgia	https://fr.vikidia.org/wiki/Borgia
Boris Becker	/wiki/Boris_Becker	https://fr.wikipedia.org/wiki/Boris_Becker	https://fr.vikidia.org/wiki/Boris_Becker
Boris Cyrulnik	/wiki/Boris_Cyrulnik	https://fr.wikipedia.org/wiki/Boris_Cyrulnik	https://fr.vikidia.org/wiki/Boris_Cyrulnik
Boris Eltsine	/wiki/Boris_Eltsine	https://fr.wikipedia.org/wiki/Boris_Eltsine	https://fr.vikidia.org/wiki/Boris_Eltsine
Boris Godounov	/wiki/Boris_Godounov	https://fr.wikipedia.org/wiki/Boris_Godounov	https://fr.vikidia.org/wiki/Boris_Godounov
Boris Johnson	/wiki/Boris_Johnson	https://fr.wikipedia.org/wiki/Boris_Johnson	https://fr.vikidia.org/wiki/Boris_Johnson
Boris Karlovich Stegmann	/wiki/Boris_Karlovich_Stegmann	https://fr.wikipedia.org/wiki/Boris_Karlovich_Stegmann	https://fr.vikidia.org/wiki/Boris_Karlovich_Stegmann
Boris Nemtsov	/wiki/Boris_Nemtsov	https://fr.wikipedia.org/wiki/Boris_Nemtsov	https://fr.vikidia.org/wiki/Boris_Nemtsov
Boris Pasternak	/wiki/Boris_Pasternak	https://fr.wikipedia.org/wiki/Boris_Pasternak	https://fr.vikidia.org/wiki/Boris_Pasternak
Boris Vian	/wiki/Boris_Vian	https://fr.wikipedia.org/wiki/Boris_Vian	https://fr.vikidia.org/wiki/Boris_Vian
Bornéo	/wiki/Born%C3%A9o	https://fr.wikipedia.org/wiki/Born%C3%A9o	https://fr.vikidia.org/wiki/Born%C3%A9o
Borobudur	/wiki/Borobudur	https://fr.wikipedia.org/wiki/Borobudur	https://fr.vikidia.org/wiki/Borobudur
Boromir	/wiki/Boromir	https://fr.wikipedia.org/wiki/Boromir	https://fr.vikidia.org/wiki/Boromir
Bort-les-Orgues	/wiki/Bort-les-Orgues	https://fr.wikipedia.org/wiki/Bort-les-Orgues	https://fr.vikidia.org/wiki/Bort-les-Orgues
Borussia Mönchengladbach	/wiki/Borussia_M%C3%B6nchengladbach	https://fr.wikipedia.org/wiki/Borussia_M%C3%B6nchengladbach	https://fr.vikidia.org/wiki/Borussia_M%C3%B6nchengladbach
Boruto	/wiki/Boruto	https://fr.wikipedia.org/wiki/Boruto	https://fr.vikidia.org/wiki/Boruto
Borzguen	/wiki/Borzguen	https://fr.wikipedia.org/wiki/Borzguen	https://fr.vikidia.org/wiki/Borzguen
Borée	/wiki/Bor%C3%A9e	https://fr.wikipedia.org/wiki/Bor%C3%A9e	https://fr.vikidia.org/wiki/Bor%C3%A9e
Bosco	/wiki/Bosco	https://fr.wikipedia.org/wiki/Bosco	https://fr.vikidia.org/wiki/Bosco
Bosnie	/wiki/Bosnie	https://fr.wikipedia.org/wiki/Bosnie	https://fr.vikidia.org/wiki/Bosnie
Bosnie-Herzégovine	/wiki/Bosnie-Herz%C3%A9govine	https://fr.wikipedia.org/wiki/Bosnie-Herz%C3%A9govine	https://fr.vikidia.org/wiki/Bosnie-Herz%C3%A9govine
Boson de Higgs	/wiki/Boson_de_Higgs	https://fr.wikipedia.org/wiki/Boson_de_Higgs	https://fr.vikidia.org/wiki/Boson_de_Higgs
Bosphore	/wiki/Bosphore	https://fr.wikipedia.org/wiki/Bosphore	https://fr.vikidia.org/wiki/Bosphore
Bosra	/wiki/Bosra	https://fr.wikipedia.org/wiki/Bosra	https://fr.vikidia.org/wiki/Bosra
Boston	/wiki/Boston	https://fr.wikipedia.org/wiki/Boston	https://fr.vikidia.org/wiki/Boston
Boston Public	/wiki/Boston_Public	https://fr.wikipedia.org/wiki/Boston_Public	https://fr.vikidia.org/wiki/Boston_Public
Bostryche typographe	/wiki/Bostryche_typographe	https://fr.wikipedia.org/wiki/Bostryche_typographe	https://fr.vikidia.org/wiki/Bostryche_typographe
Botanic	/wiki/Botanic	https://fr.wikipedia.org/wiki/Botanic	https://fr.vikidia.org/wiki/Botanic
Botanique	/wiki/Botanique	https://fr.wikipedia.org/wiki/Botanique	https://fr.vikidia.org/wiki/Botanique
Boto	/wiki/Boto	https://fr.wikipedia.org/wiki/Boto	https://fr.vikidia.org/wiki/Boto
Botswana	/wiki/Botswana	https://fr.wikipedia.org/wiki/Botswana	https://fr.vikidia.org/wiki/Botswana
Bouba	/wiki/Bouba	https://fr.wikipedia.org/wiki/Bouba	https://fr.vikidia.org/wiki/Bouba
Bouboule (film, 2014)	/wiki/Bouboule_(film,_2014)	https://fr.wikipedia.org/wiki/Bouboule_(film,_2014)	https://fr.vikidia.org/wiki/Bouboule_(film,_2014)
Bouboule (homonymie)	/wiki/Bouboule_(homonymie)	https://fr.wikipedia.org/wiki/Bouboule_(homonymie)	https://fr.vikidia.org/wiki/Bouboule_(homonymie)
Bouc	/wiki/Bouc	https://fr.wikipedia.org/wiki/Bouc	https://fr.vikidia.org/wiki/Bouc
Bouc (animal)	/wiki/Bouc_(animal)	https://fr.wikipedia.org/wiki/Bouc_(animal)	https://fr.vikidia.org/wiki/Bouc_(animal)
Bouc émissaire	/wiki/Bouc_%C3%A9missaire	https://fr.wikipedia.org/wiki/Bouc_%C3%A9missaire	https://fr.vikidia.org/wiki/Bouc_%C3%A9missaire
Boucanier	/wiki/Boucanier	https://fr.wikipedia.org/wiki/Boucanier	https://fr.vikidia.org/wiki/Boucanier
Bouche	/wiki/Bouche	https://fr.wikipedia.org/wiki/Bouche	https://fr.vikidia.org/wiki/Bouche
Bouche-trou	/wiki/Bouche-trou	https://fr.wikipedia.org/wiki/Bouche-trou	https://fr.vikidia.org/wiki/Bouche-trou
La page de discussion pour les contributions depuis cette adresse IP [n]	/wiki/Sp%C3%A9cial:Mes_discussions	https://fr.wikipedia.org/wiki/Sp%C3%A9cial:Mes_discussions	https://fr.vikidia.org/wiki/Sp%C3%A9cial:Mes_discussions
Une liste des modifications effectuées depuis cette adresse IP [y]	/wiki/Sp%C3%A9cial:Mes_contributions	https://fr.wikipedia.org/wiki/Sp%C3%A9cial:Mes_contributions	https://fr.vikidia.org/wiki/Sp%C3%A9cial:Mes_contributions
Nous vous encourageons à créer un compte utilisateur et vous connecter; ce n’est cependant pas obligatoire	/w/index.php?title=Sp%C3%A9cial:Cr%C3%A9er_un_compte&returnto=Sp%C3%A9cial%3AIndex&returntoquery=from%3DBioc%25C3%25A9nose%26prefix%3D%26hideredirects%3D1%26namespace%3D0	https://fr.wikipedia.org/w/index.php?title=Sp%C3%A9cial:Cr%C3%A9er_un_compte&returnto=Sp%C3%A9cial%3AIndex&returntoquery=from%3DBioc%25C3%25A9nose%26prefix%3D%26hideredirects%3D1%26namespace%3D0	https://fr.vikidia.org/w/index.php?title=Sp%C3%A9cial:Cr%C3%A9er_un_compte&returnto=Sp%C3%A9cial%3AIndex&returntoquery=from%3DBioc%25C3%25A9nose%26prefix%3D%26hideredirects%3D1%26namespace%3D0
Nous vous encourageons à vous connecter ; ce n’est cependant pas obligatoire [o]	/w/index.php?title=Sp%C3%A9cial:Connexion&returnto=Sp%C3%A9cial%3AIndex&returntoquery=from%3DBioc%25C3%25A9nose%26prefix%3D%26hideredirects%3D1%26namespace%3D0	https://fr.wikipedia.org/w/index.php?title=Sp%C3%A9cial:Connexion&returnto=Sp%C3%A9cial%3AIndex&returntoquery=from%3DBioc%25C3%25A9nose%26prefix%3D%26hideredirects%3D1%26namespace%3D0	https://fr.vikidia.org/w/index.php?title=Sp%C3%A9cial:Connexion&returnto=Sp%C3%A9cial%3AIndex&returntoquery=from%3DBioc%25C3%25A9nose%26prefix%3D%26hideredirects%3D1%26namespace%3D0
Ceci est une page spéciale, et elle ne peut pas être modifiée. [s]	/w/index.php?title=Sp%C3%A9cial:Index&from=Bioc%C3%A9nose&prefix=&hideredirects=1&namespace=0	https://fr.wikipedia.org/w/index.php?title=Sp%C3%A9cial:Index&from=Bioc%C3%A9nose&prefix=&hideredirects=1&namespace=0	https://fr.vikidia.org/w/index.php?title=Sp%C3%A9cial:Index&from=Bioc%C3%A9nose&prefix=&hideredirects=1&namespace=0
Visiter la page d’accueil	/wiki/Vikidia:Accueil	https://fr.wikipedia.org/wiki/Vikidia:Accueil	https://fr.vikidia.org/wiki/Vikidia:Accueil
À propos du projet, ce que vous pouvez faire, où trouver les informations [p]	/wiki/Vikidia:Communaut%C3%A9	https://fr.wikipedia.org/wiki/Vikidia:Communaut%C3%A9	https://fr.vikidia.org/wiki/Vikidia:Communaut%C3%A9
Liste de toutes les pages spéciales [q]	/wiki/Sp%C3%A9cial:Pages_sp%C3%A9ciales	https://fr.wikipedia.org/wiki/Sp%C3%A9cial:Pages_sp%C3%A9ciales	https://fr.vikidia.org/wiki/Sp%C3%A9cial:Pages_sp%C3%A9ciales
Version imprimable de cette page [p]	/w/index.php?title=Sp%C3%A9cial:Index&from=Bioc%C3%A9nose&prefix=&hideredirects=1&namespace=0&printable=yes	https://fr.wikipedia.org/w/index.php?title=Sp%C3%A9cial:Index&from=Bioc%C3%A9nose&prefix=&hideredirects=1&namespace=0&printable=yes	https://fr.vikidia.org/w/index.php?title=Sp%C3%A9cial:Index&from=Bioc%C3%A9nose&prefix=&hideredirects=1&namespace=0&printable=yes
Boucherie	/wiki/Boucherie	https://fr.wikipedia.org/wiki/Boucherie	https://fr.vikidia.org/wiki/Boucherie
Boucherie Sanzot	/wiki/Boucherie_Sanzot	https://fr.wikipedia.org/wiki/Boucherie_Sanzot	https://fr.vikidia.org/wiki/Boucherie_Sanzot
Bouches-du-Rhône	/wiki/Bouches-du-Rh%C3%B4ne	https://fr.wikipedia.org/wiki/Bouches-du-Rh%C3%B4ne	https://fr.vikidia.org/wiki/Bouches-du-Rh%C3%B4ne
Bouchon	/wiki/Bouchon	https://fr.wikipedia.org/wiki/Bouchon	https://fr.vikidia.org/wiki/Bouchon
Bouchons d'amour	/wiki/Bouchons_d%27amour	https://fr.wikipedia.org/wiki/Bouchons_d%27amour	https://fr.vikidia.org/wiki/Bouchons_d%27amour
Boucle (homonymie)	/wiki/Boucle_(homonymie)	https://fr.wikipedia.org/wiki/Boucle_(homonymie)	https://fr.vikidia.org/wiki/Boucle_(homonymie)
Boucle d'or et les Trois Ours	/wiki/Boucle_d%27or_et_les_Trois_Ours	https://fr.wikipedia.org/wiki/Boucle_d%27or_et_les_Trois_Ours	https://fr.vikidia.org/wiki/Boucle_d%27or_et_les_Trois_Ours
Boucle d'oreille	/wiki/Boucle_d%27oreille	https://fr.wikipedia.org/wiki/Boucle_d%27oreille	https://fr.vikidia.org/wiki/Boucle_d%27oreille
Bouclier	/wiki/Bouclier	https://fr.wikipedia.org/wiki/Bouclier	https://fr.vikidia.org/wiki/Bouclier
Bouclier thermique	/wiki/Bouclier_thermique	https://fr.wikipedia.org/wiki/Bouclier_thermique	https://fr.vikidia.org/wiki/Bouclier_thermique
Bouddhas de Bâmiyân	/wiki/Bouddhas_de_B%C3%A2miy%C3%A2n	https://fr.wikipedia.org/wiki/Bouddhas_de_B%C3%A2miy%C3%A2n	https://fr.vikidia.org/wiki/Bouddhas_de_B%C3%A2miy%C3%A2n
Bouddhisme	/wiki/Bouddhisme	https://fr.wikipedia.org/wiki/Bouddhisme	https://fr.vikidia.org/wiki/Bouddhisme
Boudin	/wiki/Boudin	https://fr.wikipedia.org/wiki/Boudin	https://fr.vikidia.org/wiki/Boudin
Boue	/wiki/Boue	https://fr.wikipedia.org/wiki/Boue	https://fr.vikidia.org/wiki/Boue
Bouenza	/wiki/Bouenza	https://fr.wikipedia.org/wiki/Bouenza	https://fr.vikidia.org/wiki/Bouenza
Bouenza (homonymie)	/wiki/Bouenza_(homonymie)	https://fr.wikipedia.org/wiki/Bouenza_(homonymie)	https://fr.vikidia.org/wiki/Bouenza_(homonymie)
Bouenza (rivière)	/wiki/Bouenza_(rivi%C3%A8re)	https://fr.wikipedia.org/wiki/Bouenza_(rivi%C3%A8re)	https://fr.vikidia.org/wiki/Bouenza_(rivi%C3%A8re)
Bouffon	/wiki/Bouffon	https://fr.wikipedia.org/wiki/Bouffon	https://fr.vikidia.org/wiki/Bouffon
Bouftou	/wiki/Bouftou	https://fr.wikipedia.org/wiki/Bouftou	https://fr.vikidia.org/wiki/Bouftou
Bougainvillier	/wiki/Bougainvillier	https://fr.wikipedia.org/wiki/Bougainvillier	https://fr.vikidia.org/wiki/Bougainvillier
Bougie	/wiki/Bougie	https://fr.wikipedia.org/wiki/Bougie	https://fr.vikidia.org/wiki/Bougie
Bougival	/wiki/Bougival	https://fr.wikipedia.org/wiki/Bougival	https://fr.vikidia.org/wiki/Bougival
Bougouni	/wiki/Bougouni	https://fr.wikipedia.org/wiki/Bougouni	https://fr.vikidia.org/wiki/Bougouni
Bouillabaisse	/wiki/Bouillabaisse	https://fr.wikipedia.org/wiki/Bouillabaisse	https://fr.vikidia.org/wiki/Bouillabaisse
Bouillon	/wiki/Bouillon	https://fr.wikipedia.org/wiki/Bouillon	https://fr.vikidia.org/wiki/Bouillon
Bouillon (Belgique)	/wiki/Bouillon_(Belgique)	https://fr.wikipedia.org/wiki/Bouillon_(Belgique)	https://fr.vikidia.org/wiki/Bouillon_(Belgique)
Bouilly	/wiki/Bouilly	https://fr.wikipedia.org/wiki/Bouilly	https://fr.vikidia.org/wiki/Bouilly
Bouilly (Aube)	/wiki/Bouilly_(Aube)	https://fr.wikipedia.org/wiki/Bouilly_(Aube)	https://fr.vikidia.org/wiki/Bouilly_(Aube)
Boukhara	/wiki/Boukhara	https://fr.wikipedia.org/wiki/Boukhara	https://fr.vikidia.org/wiki/Boukhara
Boulanger	/wiki/Boulanger	https://fr.wikipedia.org/wiki/Boulanger	https://fr.vikidia.org/wiki/Boulanger
Boulanger (magasin)	/wiki/Boulanger_(magasin)	https://fr.wikipedia.org/wiki/Boulanger_(magasin)	https://fr.vikidia.org/wiki/Boulanger_(magasin)
Boulangerie	/wiki/Boulangerie	https://fr.wikipedia.org/wiki/Boulangerie	https://fr.vikidia.org/wiki/Boulangerie
Boulangisme	/wiki/Boulangisme	https://fr.wikipedia.org/wiki/Boulangisme	https://fr.vikidia.org/wiki/Boulangisme
Boule	/wiki/Boule	https://fr.wikipedia.org/wiki/Boule	https://fr.vikidia.org/wiki/Boule
Boule de Noël	/wiki/Boule_de_No%C3%ABl	https://fr.wikipedia.org/wiki/Boule_de_No%C3%ABl	https://fr.vikidia.org/wiki/Boule_de_No%C3%ABl
Boule de cristal	/wiki/Boule_de_cristal	https://fr.wikipedia.org/wiki/Boule_de_cristal	https://fr.vikidia.org/wiki/Boule_de_cristal
Boule et Bill	/wiki/Boule_et_Bill	https://fr.wikipedia.org/wiki/Boule_et_Bill	https://fr.vikidia.org/wiki/Boule_et_Bill
Boule et Bill (film)	/wiki/Boule_et_Bill_(film)	https://fr.wikipedia.org/wiki/Boule_et_Bill_(film)	https://fr.vikidia.org/wiki/Boule_et_Bill_(film)
Boule à neige	/wiki/Boule_%C3%A0_neige	https://fr.wikipedia.org/wiki/Boule_%C3%A0_neige	https://fr.vikidia.org/wiki/Boule_%C3%A0_neige
Bouleau	/wiki/Bouleau	https://fr.wikipedia.org/wiki/Bouleau	https://fr.vikidia.org/wiki/Bouleau
Bouleau verruqueux	/wiki/Bouleau_verruqueux	https://fr.wikipedia.org/wiki/Bouleau_verruqueux	https://fr.vikidia.org/wiki/Bouleau_verruqueux
Bouledogue	/wiki/Bouledogue	https://fr.wikipedia.org/wiki/Bouledogue	https://fr.vikidia.org/wiki/Bouledogue
Boulevard du palais	/wiki/Boulevard_du_palais	https://fr.wikipedia.org/wiki/Boulevard_du_palais	https://fr.vikidia.org/wiki/Boulevard_du_palais
Boulevard périphérique	/wiki/Boulevard_p%C3%A9riph%C3%A9rique	https://fr.wikipedia.org/wiki/Boulevard_p%C3%A9riph%C3%A9rique	https://fr.vikidia.org/wiki/Boulevard_p%C3%A9riph%C3%A9rique
Boulevard périphérique de Paris	/wiki/Boulevard_p%C3%A9riph%C3%A9rique_de_Paris	https://fr.wikipedia.org/wiki/Boulevard_p%C3%A9riph%C3%A9rique_de_Paris	https://fr.vikidia.org/wiki/Boulevard_p%C3%A9riph%C3%A9rique_de_Paris
