Boulghour	/wiki/Boulghour	https://fr.wikipedia.org/wiki/Boulghour	https://fr.vikidia.org/wiki/Boulghour
Boulier	/wiki/Boulier	https://fr.wikipedia.org/wiki/Boulier	https://fr.vikidia.org/wiki/Boulier
Boulimie	/wiki/Boulimie	https://fr.wikipedia.org/wiki/Boulimie	https://fr.vikidia.org/wiki/Boulimie
Boulogne-Billancourt	/wiki/Boulogne-Billancourt	https://fr.wikipedia.org/wiki/Boulogne-Billancourt	https://fr.vikidia.org/wiki/Boulogne-Billancourt
Boulogne-sur-Mer	/wiki/Boulogne-sur-Mer	https://fr.wikipedia.org/wiki/Boulogne-sur-Mer	https://fr.vikidia.org/wiki/Boulogne-sur-Mer
Bouloukombo	/wiki/Bouloukombo	https://fr.wikipedia.org/wiki/Bouloukombo	https://fr.vikidia.org/wiki/Bouloukombo
Boulè	/wiki/Boul%C3%A8	https://fr.wikipedia.org/wiki/Boul%C3%A8	https://fr.vikidia.org/wiki/Boul%C3%A8
Bounty	/wiki/Bounty	https://fr.wikipedia.org/wiki/Bounty	https://fr.vikidia.org/wiki/Bounty
Bounty (barre chocolatée)	/wiki/Bounty_(barre_chocolat%C3%A9e)	https://fr.wikipedia.org/wiki/Bounty_(barre_chocolat%C3%A9e)	https://fr.vikidia.org/wiki/Bounty_(barre_chocolat%C3%A9e)
Bounty (frégate)	/wiki/Bounty_(fr%C3%A9gate)	https://fr.wikipedia.org/wiki/Bounty_(fr%C3%A9gate)	https://fr.vikidia.org/wiki/Bounty_(fr%C3%A9gate)
Bouquet garni	/wiki/Bouquet_garni	https://fr.wikipedia.org/wiki/Bouquet_garni	https://fr.vikidia.org/wiki/Bouquet_garni
Bouquet pintade	/wiki/Bouquet_pintade	https://fr.wikipedia.org/wiki/Bouquet_pintade	https://fr.vikidia.org/wiki/Bouquet_pintade
Bouquetin d'Espagne	/wiki/Bouquetin_d%27Espagne	https://fr.wikipedia.org/wiki/Bouquetin_d%27Espagne	https://fr.vikidia.org/wiki/Bouquetin_d%27Espagne
Bouquetin des Alpes	/wiki/Bouquetin_des_Alpes	https://fr.wikipedia.org/wiki/Bouquetin_des_Alpes	https://fr.vikidia.org/wiki/Bouquetin_des_Alpes
Bouquin (homonymie)	/wiki/Bouquin_(homonymie)	https://fr.wikipedia.org/wiki/Bouquin_(homonymie)	https://fr.vikidia.org/wiki/Bouquin_(homonymie)
Bourane (homonymie)	/wiki/Bourane_(homonymie)	https://fr.wikipedia.org/wiki/Bourane_(homonymie)	https://fr.vikidia.org/wiki/Bourane_(homonymie)
Bourbon	/wiki/Bourbon	https://fr.wikipedia.org/wiki/Bourbon	https://fr.vikidia.org/wiki/Bourbon
Bourdeau (Savoie)	/wiki/Bourdeau_(Savoie)	https://fr.wikipedia.org/wiki/Bourdeau_(Savoie)	https://fr.vikidia.org/wiki/Bourdeau_(Savoie)
Bourdon	/wiki/Bourdon	https://fr.wikipedia.org/wiki/Bourdon	https://fr.vikidia.org/wiki/Bourdon
Bourdon (insecte)	/wiki/Bourdon_(insecte)	https://fr.wikipedia.org/wiki/Bourdon_(insecte)	https://fr.vikidia.org/wiki/Bourdon_(insecte)
Bourdon des champs	/wiki/Bourdon_des_champs	https://fr.wikipedia.org/wiki/Bourdon_des_champs	https://fr.vikidia.org/wiki/Bourdon_des_champs
Bourdon des pierres	/wiki/Bourdon_des_pierres	https://fr.wikipedia.org/wiki/Bourdon_des_pierres	https://fr.vikidia.org/wiki/Bourdon_des_pierres
Bourdon des prés	/wiki/Bourdon_des_pr%C3%A9s	https://fr.wikipedia.org/wiki/Bourdon_des_pr%C3%A9s	https://fr.vikidia.org/wiki/Bourdon_des_pr%C3%A9s
Bourdon terrestre	/wiki/Bourdon_terrestre	https://fr.wikipedia.org/wiki/Bourdon_terrestre	https://fr.vikidia.org/wiki/Bourdon_terrestre
Bourg-en-Bresse	/wiki/Bourg-en-Bresse	https://fr.wikipedia.org/wiki/Bourg-en-Bresse	https://fr.vikidia.org/wiki/Bourg-en-Bresse
Bourg-la-Reine	/wiki/Bourg-la-Reine	https://fr.wikipedia.org/wiki/Bourg-la-Reine	https://fr.vikidia.org/wiki/Bourg-la-Reine
Bourg pourri	/wiki/Bourg_pourri	https://fr.wikipedia.org/wiki/Bourg_pourri	https://fr.vikidia.org/wiki/Bourg_pourri
Bourgeois de Calais	/wiki/Bourgeois_de_Calais	https://fr.wikipedia.org/wiki/Bourgeois_de_Calais	https://fr.vikidia.org/wiki/Bourgeois_de_Calais
Bourgeoisie	/wiki/Bourgeoisie	https://fr.wikipedia.org/wiki/Bourgeoisie	https://fr.vikidia.org/wiki/Bourgeoisie
Bourgeon	/wiki/Bourgeon	https://fr.wikipedia.org/wiki/Bourgeon	https://fr.vikidia.org/wiki/Bourgeon
Bourges	/wiki/Bourges	https://fr.wikipedia.org/wiki/Bourges	https://fr.vikidia.org/wiki/Bourges
Bourgogne	/wiki/Bourgogne	https://fr.wikipedia.org/wiki/Bourgogne	https://fr.vikidia.org/wiki/Bourgogne
Bourgogne-Franche-Comté	/wiki/Bourgogne-Franche-Comt%C3%A9	https://fr.wikipedia.org/wiki/Bourgogne-Franche-Comt%C3%A9	https://fr.vikidia.org/wiki/Bourgogne-Franche-Comt%C3%A9
Bourgogne (homonymie)	/wiki/Bourgogne_(homonymie)	https://fr.wikipedia.org/wiki/Bourgogne_(homonymie)	https://fr.vikidia.org/wiki/Bourgogne_(homonymie)
Bournemouth	/wiki/Bournemouth	https://fr.wikipedia.org/wiki/Bournemouth	https://fr.vikidia.org/wiki/Bournemouth
Bourogne	/wiki/Bourogne	https://fr.wikipedia.org/wiki/Bourogne	https://fr.vikidia.org/wiki/Bourogne
Bourrache officinale	/wiki/Bourrache_officinale	https://fr.wikipedia.org/wiki/Bourrache_officinale	https://fr.vikidia.org/wiki/Bourrache_officinale
Bourreau	/wiki/Bourreau	https://fr.wikipedia.org/wiki/Bourreau	https://fr.vikidia.org/wiki/Bourreau
Bourrée	/wiki/Bourr%C3%A9e	https://fr.wikipedia.org/wiki/Bourr%C3%A9e	https://fr.vikidia.org/wiki/Bourr%C3%A9e
Bourse (homonymie)	/wiki/Bourse_(homonymie)	https://fr.wikipedia.org/wiki/Bourse_(homonymie)	https://fr.vikidia.org/wiki/Bourse_(homonymie)
Bourse (économie)	/wiki/Bourse_(%C3%A9conomie)	https://fr.wikipedia.org/wiki/Bourse_(%C3%A9conomie)	https://fr.vikidia.org/wiki/Bourse_(%C3%A9conomie)
Bourse d'étude	/wiki/Bourse_d%27%C3%A9tude	https://fr.wikipedia.org/wiki/Bourse_d%27%C3%A9tude	https://fr.vikidia.org/wiki/Bourse_d%27%C3%A9tude
Boursouflure	/wiki/Boursouflure	https://fr.wikipedia.org/wiki/Boursouflure	https://fr.vikidia.org/wiki/Boursouflure
Bourvil	/wiki/Bourvil	https://fr.wikipedia.org/wiki/Bourvil	https://fr.vikidia.org/wiki/Bourvil
Bousier	/wiki/Bousier	https://fr.wikipedia.org/wiki/Bousier	https://fr.vikidia.org/wiki/Bousier
Boussières	/wiki/Boussi%C3%A8res	https://fr.wikipedia.org/wiki/Boussi%C3%A8res	https://fr.vikidia.org/wiki/Boussi%C3%A8res
Boussole	/wiki/Boussole	https://fr.wikipedia.org/wiki/Boussole	https://fr.vikidia.org/wiki/Boussole
Boussole (constellation)	/wiki/Boussole_(constellation)	https://fr.wikipedia.org/wiki/Boussole_(constellation)	https://fr.vikidia.org/wiki/Boussole_(constellation)
Boussole chinoise	/wiki/Boussole_chinoise	https://fr.wikipedia.org/wiki/Boussole_chinoise	https://fr.vikidia.org/wiki/Boussole_chinoise
Bouteille	/wiki/Bouteille	https://fr.wikipedia.org/wiki/Bouteille	https://fr.vikidia.org/wiki/Bouteille
Boutique	/wiki/Boutique	https://fr.wikipedia.org/wiki/Boutique	https://fr.vikidia.org/wiki/Boutique
Bouton	/wiki/Bouton	https://fr.wikipedia.org/wiki/Bouton	https://fr.vikidia.org/wiki/Bouton
Bouton d'or	/wiki/Bouton_d%27or	https://fr.wikipedia.org/wiki/Bouton_d%27or	https://fr.vikidia.org/wiki/Bouton_d%27or
Bouturage	/wiki/Bouturage	https://fr.wikipedia.org/wiki/Bouturage	https://fr.vikidia.org/wiki/Bouturage
Bouvard et Pécuchet	/wiki/Bouvard_et_P%C3%A9cuchet	https://fr.wikipedia.org/wiki/Bouvard_et_P%C3%A9cuchet	https://fr.vikidia.org/wiki/Bouvard_et_P%C3%A9cuchet
Bouvier (constellation)	/wiki/Bouvier_(constellation)	https://fr.wikipedia.org/wiki/Bouvier_(constellation)	https://fr.vikidia.org/wiki/Bouvier_(constellation)
Bouvier bernois	/wiki/Bouvier_bernois	https://fr.wikipedia.org/wiki/Bouvier_bernois	https://fr.vikidia.org/wiki/Bouvier_bernois
Bouvier de l'Appenzell	/wiki/Bouvier_de_l%27Appenzell	https://fr.wikipedia.org/wiki/Bouvier_de_l%27Appenzell	https://fr.vikidia.org/wiki/Bouvier_de_l%27Appenzell
Bouvines	/wiki/Bouvines	https://fr.wikipedia.org/wiki/Bouvines	https://fr.vikidia.org/wiki/Bouvines
Bouvière	/wiki/Bouvi%C3%A8re	https://fr.wikipedia.org/wiki/Bouvi%C3%A8re	https://fr.vikidia.org/wiki/Bouvi%C3%A8re
Bouvreuil pivoine	/wiki/Bouvreuil_pivoine	https://fr.wikipedia.org/wiki/Bouvreuil_pivoine	https://fr.vikidia.org/wiki/Bouvreuil_pivoine
Bouygues Telecom	/wiki/Bouygues_Telecom	https://fr.wikipedia.org/wiki/Bouygues_Telecom	https://fr.vikidia.org/wiki/Bouygues_Telecom
Bouère	/wiki/Bou%C3%A8re	https://fr.wikipedia.org/wiki/Bou%C3%A8re	https://fr.vikidia.org/wiki/Bou%C3%A8re
Bovidé	/wiki/Bovid%C3%A9	https://fr.wikipedia.org/wiki/Bovid%C3%A9	https://fr.vikidia.org/wiki/Bovid%C3%A9
Bowling	/wiki/Bowling	https://fr.wikipedia.org/wiki/Bowling	https://fr.vikidia.org/wiki/Bowling
Bowser	/wiki/Bowser	https://fr.wikipedia.org/wiki/Bowser	https://fr.vikidia.org/wiki/Bowser
Bowser Jr.	/wiki/Bowser_Jr.	https://fr.wikipedia.org/wiki/Bowser_Jr.	https://fr.vikidia.org/wiki/Bowser_Jr.
Box	/wiki/Box	https://fr.wikipedia.org/wiki/Box	https://fr.vikidia.org/wiki/Box
Boxe	/wiki/Boxe	https://fr.wikipedia.org/wiki/Boxe	https://fr.vikidia.org/wiki/Boxe
Boxe anglaise	/wiki/Boxe_anglaise	https://fr.wikipedia.org/wiki/Boxe_anglaise	https://fr.vikidia.org/wiki/Boxe_anglaise
Boxe antique	/wiki/Boxe_antique	https://fr.wikipedia.org/wiki/Boxe_antique	https://fr.vikidia.org/wiki/Boxe_antique
Boxe thaïlandaise	/wiki/Boxe_tha%C3%AFlandaise	https://fr.wikipedia.org/wiki/Boxe_tha%C3%AFlandaise	https://fr.vikidia.org/wiki/Boxe_tha%C3%AFlandaise
Boxer	/wiki/Boxer	https://fr.wikipedia.org/wiki/Boxer	https://fr.vikidia.org/wiki/Boxer
Boy, Girl, etc.	/wiki/Boy,_Girl,_etc.	https://fr.wikipedia.org/wiki/Boy,_Girl,_etc.	https://fr.vikidia.org/wiki/Boy,_Girl,_etc.
Boycott	/wiki/Boycott	https://fr.wikipedia.org/wiki/Boycott	https://fr.vikidia.org/wiki/Boycott
Bozo View Express	/wiki/Bozo_View_Express	https://fr.wikipedia.org/wiki/Bozo_View_Express	https://fr.vikidia.org/wiki/Bozo_View_Express
Boîte de Petri	/wiki/Bo%C3%AEte_de_Petri	https://fr.wikipedia.org/wiki/Bo%C3%AEte_de_Petri	https://fr.vikidia.org/wiki/Bo%C3%AEte_de_Petri
Boîte de vitesses	/wiki/Bo%C3%AEte_de_vitesses	https://fr.wikipedia.org/wiki/Bo%C3%AEte_de_vitesses	https://fr.vikidia.org/wiki/Bo%C3%AEte_de_vitesses
Brabant	/wiki/Brabant	https://fr.wikipedia.org/wiki/Brabant	https://fr.vikidia.org/wiki/Brabant
Brabant-Septentrional	/wiki/Brabant-Septentrional	https://fr.wikipedia.org/wiki/Brabant-Septentrional	https://fr.vikidia.org/wiki/Brabant-Septentrional
Bracelet	/wiki/Bracelet	https://fr.wikipedia.org/wiki/Bracelet	https://fr.vikidia.org/wiki/Bracelet
Brachiosaure	/wiki/Brachiosaure	https://fr.wikipedia.org/wiki/Brachiosaure	https://fr.vikidia.org/wiki/Brachiosaure
Braconnage	/wiki/Braconnage	https://fr.wikipedia.org/wiki/Braconnage	https://fr.vikidia.org/wiki/Braconnage
Brad Pitt	/wiki/Brad_Pitt	https://fr.wikipedia.org/wiki/Brad_Pitt	https://fr.vikidia.org/wiki/Brad_Pitt
Bradford	/wiki/Bradford	https://fr.wikipedia.org/wiki/Bradford	https://fr.vikidia.org/wiki/Bradford
Braga	/wiki/Braga	https://fr.wikipedia.org/wiki/Braga	https://fr.vikidia.org/wiki/Braga
Brague	/wiki/Brague	https://fr.wikipedia.org/wiki/Brague	https://fr.vikidia.org/wiki/Brague
Brahim Asloum	/wiki/Brahim_Asloum	https://fr.wikipedia.org/wiki/Brahim_Asloum	https://fr.vikidia.org/wiki/Brahim_Asloum
Brahma	/wiki/Brahma	https://fr.wikipedia.org/wiki/Brahma	https://fr.vikidia.org/wiki/Brahma
Brahmapoutre	/wiki/Brahmapoutre	https://fr.wikipedia.org/wiki/Brahmapoutre	https://fr.vikidia.org/wiki/Brahmapoutre
Braille	/wiki/Braille	https://fr.wikipedia.org/wiki/Braille	https://fr.vikidia.org/wiki/Braille
Bram	/wiki/Bram	https://fr.wikipedia.org/wiki/Bram	https://fr.vikidia.org/wiki/Bram
Bram Stoker	/wiki/Bram_Stoker	https://fr.wikipedia.org/wiki/Bram_Stoker	https://fr.vikidia.org/wiki/Bram_Stoker
Bramante	/wiki/Bramante	https://fr.wikipedia.org/wiki/Bramante	https://fr.vikidia.org/wiki/Bramante
Branche	/wiki/Branche	https://fr.wikipedia.org/wiki/Branche	https://fr.vikidia.org/wiki/Branche
Branchie	/wiki/Branchie	https://fr.wikipedia.org/wiki/Branchie	https://fr.vikidia.org/wiki/Branchie
Branchiflore	/wiki/Branchiflore	https://fr.wikipedia.org/wiki/Branchiflore	https://fr.vikidia.org/wiki/Branchiflore
Brancion	/wiki/Brancion	https://fr.wikipedia.org/wiki/Brancion	https://fr.vikidia.org/wiki/Brancion
Brandebourg	/wiki/Brandebourg	https://fr.wikipedia.org/wiki/Brandebourg	https://fr.vikidia.org/wiki/Brandebourg
Brandon Routh	/wiki/Brandon_Routh	https://fr.wikipedia.org/wiki/Brandon_Routh	https://fr.vikidia.org/wiki/Brandon_Routh
