Braquage	/wiki/Braquage	https://fr.wikipedia.org/wiki/Braquage	https://fr.vikidia.org/wiki/Braquage
Braque	/wiki/Braque	https://fr.wikipedia.org/wiki/Braque	https://fr.vikidia.org/wiki/Braque
Braque allemand	/wiki/Braque_allemand	https://fr.wikipedia.org/wiki/Braque_allemand	https://fr.vikidia.org/wiki/Braque_allemand
Braque français des Pyrénées	/wiki/Braque_fran%C3%A7ais_des_Pyr%C3%A9n%C3%A9es	https://fr.wikipedia.org/wiki/Braque_fran%C3%A7ais_des_Pyr%C3%A9n%C3%A9es	https://fr.vikidia.org/wiki/Braque_fran%C3%A7ais_des_Pyr%C3%A9n%C3%A9es
Bras	/wiki/Bras	https://fr.wikipedia.org/wiki/Bras	https://fr.vikidia.org/wiki/Bras
Brasilia	/wiki/Brasilia	https://fr.wikipedia.org/wiki/Brasilia	https://fr.vikidia.org/wiki/Brasilia
Brasse	/wiki/Brasse	https://fr.wikipedia.org/wiki/Brasse	https://fr.vikidia.org/wiki/Brasse
Brasse (unité)	/wiki/Brasse_(unit%C3%A9)	https://fr.wikipedia.org/wiki/Brasse_(unit%C3%A9)	https://fr.vikidia.org/wiki/Brasse_(unit%C3%A9)
Brassempouy	/wiki/Brassempouy	https://fr.wikipedia.org/wiki/Brassempouy	https://fr.vikidia.org/wiki/Brassempouy
Brassicacées	/wiki/Brassicac%C3%A9es	https://fr.wikipedia.org/wiki/Brassicac%C3%A9es	https://fr.vikidia.org/wiki/Brassicac%C3%A9es
Bratislava	/wiki/Bratislava	https://fr.wikipedia.org/wiki/Bratislava	https://fr.vikidia.org/wiki/Bratislava
Braunau am Inn	/wiki/Braunau_am_Inn	https://fr.wikipedia.org/wiki/Braunau_am_Inn	https://fr.vikidia.org/wiki/Braunau_am_Inn
Brave (navigateur web)	/wiki/Brave_(navigateur_web)	https://fr.wikipedia.org/wiki/Brave_(navigateur_web)	https://fr.vikidia.org/wiki/Brave_(navigateur_web)
Bravo	/wiki/Bravo	https://fr.wikipedia.org/wiki/Bravo	https://fr.vikidia.org/wiki/Bravo
Brawl Stars	/wiki/Brawl_Stars	https://fr.wikipedia.org/wiki/Brawl_Stars	https://fr.vikidia.org/wiki/Brawl_Stars
Brax	/wiki/Brax	https://fr.wikipedia.org/wiki/Brax	https://fr.vikidia.org/wiki/Brax
Bray-Dunes	/wiki/Bray-Dunes	https://fr.wikipedia.org/wiki/Bray-Dunes	https://fr.vikidia.org/wiki/Bray-Dunes
Brazzaville	/wiki/Brazzaville	https://fr.wikipedia.org/wiki/Brazzaville	https://fr.vikidia.org/wiki/Brazzaville
Break dance	/wiki/Break_dance	https://fr.wikipedia.org/wiki/Break_dance	https://fr.vikidia.org/wiki/Break_dance
Breaking Bad	/wiki/Breaking_Bad	https://fr.wikipedia.org/wiki/Breaking_Bad	https://fr.vikidia.org/wiki/Breaking_Bad
Brebis égarée	/wiki/Brebis_%C3%A9gar%C3%A9e	https://fr.wikipedia.org/wiki/Brebis_%C3%A9gar%C3%A9e	https://fr.vikidia.org/wiki/Brebis_%C3%A9gar%C3%A9e
Brebotte	/wiki/Brebotte	https://fr.wikipedia.org/wiki/Brebotte	https://fr.vikidia.org/wiki/Brebotte
Bredele	/wiki/Bredele	https://fr.wikipedia.org/wiki/Bredele	https://fr.vikidia.org/wiki/Bredele
Brenda Song	/wiki/Brenda_Song	https://fr.wikipedia.org/wiki/Brenda_Song	https://fr.vikidia.org/wiki/Brenda_Song
Brendan Gallagher	/wiki/Brendan_Gallagher	https://fr.wikipedia.org/wiki/Brendan_Gallagher	https://fr.vikidia.org/wiki/Brendan_Gallagher
Brenton Tarrant	/wiki/Brenton_Tarrant	https://fr.wikipedia.org/wiki/Brenton_Tarrant	https://fr.vikidia.org/wiki/Brenton_Tarrant
Brentwood (Los Angeles)	/wiki/Brentwood_(Los_Angeles)	https://fr.wikipedia.org/wiki/Brentwood_(Los_Angeles)	https://fr.vikidia.org/wiki/Brentwood_(Los_Angeles)
Bresse	/wiki/Bresse	https://fr.wikipedia.org/wiki/Bresse	https://fr.vikidia.org/wiki/Bresse
Bressuire	/wiki/Bressuire	https://fr.wikipedia.org/wiki/Bressuire	https://fr.vikidia.org/wiki/Bressuire
Brest	/wiki/Brest	https://fr.wikipedia.org/wiki/Brest	https://fr.vikidia.org/wiki/Brest
Bret Hart	/wiki/Bret_Hart	https://fr.wikipedia.org/wiki/Bret_Hart	https://fr.vikidia.org/wiki/Bret_Hart
Bretagne	/wiki/Bretagne	https://fr.wikipedia.org/wiki/Bretagne	https://fr.vikidia.org/wiki/Bretagne
Bretagne romaine	/wiki/Bretagne_romaine	https://fr.wikipedia.org/wiki/Bretagne_romaine	https://fr.vikidia.org/wiki/Bretagne_romaine
Bretignolles-sur-Mer	/wiki/Bretignolles-sur-Mer	https://fr.wikipedia.org/wiki/Bretignolles-sur-Mer	https://fr.vikidia.org/wiki/Bretignolles-sur-Mer
Breton (langue)	/wiki/Breton_(langue)	https://fr.wikipedia.org/wiki/Breton_(langue)	https://fr.vikidia.org/wiki/Breton_(langue)
Bretonne pie noir	/wiki/Bretonne_pie_noir	https://fr.wikipedia.org/wiki/Bretonne_pie_noir	https://fr.vikidia.org/wiki/Bretonne_pie_noir
Brett Helquist	/wiki/Brett_Helquist	https://fr.wikipedia.org/wiki/Brett_Helquist	https://fr.vikidia.org/wiki/Brett_Helquist
Bretteur	/wiki/Bretteur	https://fr.wikipedia.org/wiki/Bretteur	https://fr.vikidia.org/wiki/Bretteur
Bretzel	/wiki/Bretzel	https://fr.wikipedia.org/wiki/Bretzel	https://fr.vikidia.org/wiki/Bretzel
Breuilpont	/wiki/Breuilpont	https://fr.wikipedia.org/wiki/Breuilpont	https://fr.vikidia.org/wiki/Breuilpont
Brevet	/wiki/Brevet	https://fr.wikipedia.org/wiki/Brevet	https://fr.vikidia.org/wiki/Brevet
Brevet (homonymie)	/wiki/Brevet_(homonymie)	https://fr.wikipedia.org/wiki/Brevet_(homonymie)	https://fr.vikidia.org/wiki/Brevet_(homonymie)
Brevet d'Initiation à l'Aéronautique	/wiki/Brevet_d%27Initiation_%C3%A0_l%27A%C3%A9ronautique	https://fr.wikipedia.org/wiki/Brevet_d%27Initiation_%C3%A0_l%27A%C3%A9ronautique	https://fr.vikidia.org/wiki/Brevet_d%27Initiation_%C3%A0_l%27A%C3%A9ronautique
Brevet d'études professionnelles	/wiki/Brevet_d%27%C3%A9tudes_professionnelles	https://fr.wikipedia.org/wiki/Brevet_d%27%C3%A9tudes_professionnelles	https://fr.vikidia.org/wiki/Brevet_d%27%C3%A9tudes_professionnelles
Brevet de technicien supérieur	/wiki/Brevet_de_technicien_sup%C3%A9rieur	https://fr.wikipedia.org/wiki/Brevet_de_technicien_sup%C3%A9rieur	https://fr.vikidia.org/wiki/Brevet_de_technicien_sup%C3%A9rieur
Brevet d’aptitude aux fonctions d’animateur	/wiki/Brevet_d%E2%80%99aptitude_aux_fonctions_d%E2%80%99animateur	https://fr.wikipedia.org/wiki/Brevet_d%E2%80%99aptitude_aux_fonctions_d%E2%80%99animateur	https://fr.vikidia.org/wiki/Brevet_d%E2%80%99aptitude_aux_fonctions_d%E2%80%99animateur
Brevet informatique et internet	/wiki/Brevet_informatique_et_internet	https://fr.wikipedia.org/wiki/Brevet_informatique_et_internet	https://fr.vikidia.org/wiki/Brevet_informatique_et_internet
Brexit	/wiki/Brexit	https://fr.wikipedia.org/wiki/Brexit	https://fr.vikidia.org/wiki/Brexit
Brian Jones	/wiki/Brian_Jones	https://fr.wikipedia.org/wiki/Brian_Jones	https://fr.vikidia.org/wiki/Brian_Jones
Brian May	/wiki/Brian_May	https://fr.wikipedia.org/wiki/Brian_May	https://fr.vikidia.org/wiki/Brian_May
Briançon	/wiki/Brian%C3%A7on	https://fr.wikipedia.org/wiki/Brian%C3%A7on	https://fr.vikidia.org/wiki/Brian%C3%A7on
Briarée	/wiki/Briar%C3%A9e	https://fr.wikipedia.org/wiki/Briar%C3%A9e	https://fr.vikidia.org/wiki/Briar%C3%A9e
Brice Conrad	/wiki/Brice_Conrad	https://fr.wikipedia.org/wiki/Brice_Conrad	https://fr.vikidia.org/wiki/Brice_Conrad
Brice Hortefeux	/wiki/Brice_Hortefeux	https://fr.wikipedia.org/wiki/Brice_Hortefeux	https://fr.vikidia.org/wiki/Brice_Hortefeux
Brick	/wiki/Brick	https://fr.wikipedia.org/wiki/Brick	https://fr.vikidia.org/wiki/Brick
Bridge	/wiki/Bridge	https://fr.wikipedia.org/wiki/Bridge	https://fr.vikidia.org/wiki/Bridge
Bridgetown	/wiki/Bridgetown	https://fr.wikipedia.org/wiki/Bridgetown	https://fr.vikidia.org/wiki/Bridgetown
Brie-Comte-Robert	/wiki/Brie-Comte-Robert	https://fr.wikipedia.org/wiki/Brie-Comte-Robert	https://fr.vikidia.org/wiki/Brie-Comte-Robert
Brie (fromage)	/wiki/Brie_(fromage)	https://fr.wikipedia.org/wiki/Brie_(fromage)	https://fr.vikidia.org/wiki/Brie_(fromage)
Brie Larson	/wiki/Brie_Larson	https://fr.wikipedia.org/wiki/Brie_Larson	https://fr.vikidia.org/wiki/Brie_Larson
Briennon	/wiki/Briennon	https://fr.wikipedia.org/wiki/Briennon	https://fr.vikidia.org/wiki/Briennon
Brigades internationales	/wiki/Brigades_internationales	https://fr.wikipedia.org/wiki/Brigades_internationales	https://fr.vikidia.org/wiki/Brigades_internationales
Brigades rouges	/wiki/Brigades_rouges	https://fr.wikipedia.org/wiki/Brigades_rouges	https://fr.vikidia.org/wiki/Brigades_rouges
Brighella	/wiki/Brighella	https://fr.wikipedia.org/wiki/Brighella	https://fr.vikidia.org/wiki/Brighella
Brighton	/wiki/Brighton	https://fr.wikipedia.org/wiki/Brighton	https://fr.vikidia.org/wiki/Brighton
Brigitte Bardot	/wiki/Brigitte_Bardot	https://fr.wikipedia.org/wiki/Brigitte_Bardot	https://fr.vikidia.org/wiki/Brigitte_Bardot
Brigitte Macron	/wiki/Brigitte_Macron	https://fr.wikipedia.org/wiki/Brigitte_Macron	https://fr.vikidia.org/wiki/Brigitte_Macron
Brigitte Smadja	/wiki/Brigitte_Smadja	https://fr.wikipedia.org/wiki/Brigitte_Smadja	https://fr.vikidia.org/wiki/Brigitte_Smadja
Brik	/wiki/Brik	https://fr.wikipedia.org/wiki/Brik	https://fr.vikidia.org/wiki/Brik
Brindibou	/wiki/Brindibou	https://fr.wikipedia.org/wiki/Brindibou	https://fr.vikidia.org/wiki/Brindibou
Brindisi	/wiki/Brindisi	https://fr.wikipedia.org/wiki/Brindisi	https://fr.vikidia.org/wiki/Brindisi
Brioche	/wiki/Brioche	https://fr.wikipedia.org/wiki/Brioche	https://fr.vikidia.org/wiki/Brioche
Brioude	/wiki/Brioude	https://fr.wikipedia.org/wiki/Brioude	https://fr.vikidia.org/wiki/Brioude
Brique	/wiki/Brique	https://fr.wikipedia.org/wiki/Brique	https://fr.vikidia.org/wiki/Brique
Brique (homonymie)	/wiki/Brique_(homonymie)	https://fr.wikipedia.org/wiki/Brique_(homonymie)	https://fr.vikidia.org/wiki/Brique_(homonymie)
Briquet	/wiki/Briquet	https://fr.wikipedia.org/wiki/Briquet	https://fr.vikidia.org/wiki/Briquet
Brisach	/wiki/Brisach	https://fr.wikipedia.org/wiki/Brisach	https://fr.vikidia.org/wiki/Brisach
Brisbane	/wiki/Brisbane	https://fr.wikipedia.org/wiki/Brisbane	https://fr.vikidia.org/wiki/Brisbane
Brise-glace	/wiki/Brise-glace	https://fr.wikipedia.org/wiki/Brise-glace	https://fr.vikidia.org/wiki/Brise-glace
Brise de mer	/wiki/Brise_de_mer	https://fr.wikipedia.org/wiki/Brise_de_mer	https://fr.vikidia.org/wiki/Brise_de_mer
Brise de terre	/wiki/Brise_de_terre	https://fr.wikipedia.org/wiki/Brise_de_terre	https://fr.vikidia.org/wiki/Brise_de_terre
Bristol (Angleterre)	/wiki/Bristol_(Angleterre)	https://fr.wikipedia.org/wiki/Bristol_(Angleterre)	https://fr.vikidia.org/wiki/Bristol_(Angleterre)
Briséis	/wiki/Bris%C3%A9is	https://fr.wikipedia.org/wiki/Bris%C3%A9is	https://fr.vikidia.org/wiki/Bris%C3%A9is
Britam Tower	/wiki/Britam_Tower	https://fr.wikipedia.org/wiki/Britam_Tower	https://fr.vikidia.org/wiki/Britam_Tower
Britannia	/wiki/Britannia	https://fr.wikipedia.org/wiki/Britannia	https://fr.vikidia.org/wiki/Britannia
Britannia (yacht)	/wiki/Britannia_(yacht)	https://fr.wikipedia.org/wiki/Britannia_(yacht)	https://fr.vikidia.org/wiki/Britannia_(yacht)
Britannic	/wiki/Britannic	https://fr.wikipedia.org/wiki/Britannic	https://fr.vikidia.org/wiki/Britannic
Britannicus	/wiki/Britannicus	https://fr.wikipedia.org/wiki/Britannicus	https://fr.vikidia.org/wiki/Britannicus
British Airways	/wiki/British_Airways	https://fr.wikipedia.org/wiki/British_Airways	https://fr.vikidia.org/wiki/British_Airways
British Broadcasting Corporation	/wiki/British_Broadcasting_Corporation	https://fr.wikipedia.org/wiki/British_Broadcasting_Corporation	https://fr.vikidia.org/wiki/British_Broadcasting_Corporation
British Museum	/wiki/British_Museum	https://fr.wikipedia.org/wiki/British_Museum	https://fr.vikidia.org/wiki/British_Museum
British shorthair	/wiki/British_shorthair	https://fr.wikipedia.org/wiki/British_shorthair	https://fr.vikidia.org/wiki/British_shorthair
Britney Spears	/wiki/Britney_Spears	https://fr.wikipedia.org/wiki/Britney_Spears	https://fr.vikidia.org/wiki/Britney_Spears
Brive-la-Gaillarde	/wiki/Brive-la-Gaillarde	https://fr.wikipedia.org/wiki/Brive-la-Gaillarde	https://fr.vikidia.org/wiki/Brive-la-Gaillarde
Brié-et-Angonnes	/wiki/Bri%C3%A9-et-Angonnes	https://fr.wikipedia.org/wiki/Bri%C3%A9-et-Angonnes	https://fr.vikidia.org/wiki/Bri%C3%A9-et-Angonnes
Brno	/wiki/Brno	https://fr.wikipedia.org/wiki/Brno	https://fr.vikidia.org/wiki/Brno
Broadway Theater District (Los Angeles)	/wiki/Broadway_Theater_District_(Los_Angeles)	https://fr.wikipedia.org/wiki/Broadway_Theater_District_(Los_Angeles)	https://fr.vikidia.org/wiki/Broadway_Theater_District_(Los_Angeles)
Brochet	/wiki/Brochet	https://fr.wikipedia.org/wiki/Brochet	https://fr.vikidia.org/wiki/Brochet
Brochet crocodile	/wiki/Brochet_crocodile	https://fr.wikipedia.org/wiki/Brochet_crocodile	https://fr.vikidia.org/wiki/Brochet_crocodile
Brochet d'Amérique	/wiki/Brochet_d%27Am%C3%A9rique	https://fr.wikipedia.org/wiki/Brochet_d%27Am%C3%A9rique	https://fr.vikidia.org/wiki/Brochet_d%27Am%C3%A9rique
