Brocoli	/wiki/Brocoli	https://fr.wikipedia.org/wiki/Brocoli	https://fr.vikidia.org/wiki/Brocoli
Brocéliande	/wiki/Broc%C3%A9liande	https://fr.wikipedia.org/wiki/Broc%C3%A9liande	https://fr.vikidia.org/wiki/Broc%C3%A9liande
Broderie	/wiki/Broderie	https://fr.wikipedia.org/wiki/Broderie	https://fr.vikidia.org/wiki/Broderie
Broigne	/wiki/Broigne	https://fr.wikipedia.org/wiki/Broigne	https://fr.vikidia.org/wiki/Broigne
Brome	/wiki/Brome	https://fr.wikipedia.org/wiki/Brome	https://fr.vikidia.org/wiki/Brome
Broméliacée	/wiki/Brom%C3%A9liac%C3%A9e	https://fr.wikipedia.org/wiki/Brom%C3%A9liac%C3%A9e	https://fr.vikidia.org/wiki/Brom%C3%A9liac%C3%A9e
Bron	/wiki/Bron	https://fr.wikipedia.org/wiki/Bron	https://fr.vikidia.org/wiki/Bron
Bronche	/wiki/Bronche	https://fr.wikipedia.org/wiki/Bronche	https://fr.vikidia.org/wiki/Bronche
Broncho-pneumopathie chronique obstructive	/wiki/Broncho-pneumopathie_chronique_obstructive	https://fr.wikipedia.org/wiki/Broncho-pneumopathie_chronique_obstructive	https://fr.vikidia.org/wiki/Broncho-pneumopathie_chronique_obstructive
Bronia Dluska	/wiki/Bronia_Dluska	https://fr.wikipedia.org/wiki/Bronia_Dluska	https://fr.vikidia.org/wiki/Bronia_Dluska
Brontoscorpio	/wiki/Brontoscorpio	https://fr.wikipedia.org/wiki/Brontoscorpio	https://fr.vikidia.org/wiki/Brontoscorpio
Brontès	/wiki/Bront%C3%A8s	https://fr.wikipedia.org/wiki/Bront%C3%A8s	https://fr.vikidia.org/wiki/Bront%C3%A8s
Bronx	/wiki/Bronx	https://fr.wikipedia.org/wiki/Bronx	https://fr.vikidia.org/wiki/Bronx
Bronzage	/wiki/Bronzage	https://fr.wikipedia.org/wiki/Bronzage	https://fr.vikidia.org/wiki/Bronzage
Bronze	/wiki/Bronze	https://fr.wikipedia.org/wiki/Bronze	https://fr.vikidia.org/wiki/Bronze
Bronze (art)	/wiki/Bronze_(art)	https://fr.wikipedia.org/wiki/Bronze_(art)	https://fr.vikidia.org/wiki/Bronze_(art)
Bronze céleste	/wiki/Bronze_c%C3%A9leste	https://fr.wikipedia.org/wiki/Bronze_c%C3%A9leste	https://fr.vikidia.org/wiki/Bronze_c%C3%A9leste
Bronzes de Riace	/wiki/Bronzes_de_Riace	https://fr.wikipedia.org/wiki/Bronzes_de_Riace	https://fr.vikidia.org/wiki/Bronzes_de_Riace
Brookesia micra	/wiki/Brookesia_micra	https://fr.wikipedia.org/wiki/Brookesia_micra	https://fr.vikidia.org/wiki/Brookesia_micra
Brooklyn	/wiki/Brooklyn	https://fr.wikipedia.org/wiki/Brooklyn	https://fr.vikidia.org/wiki/Brooklyn
Brooklyn Nine-Nine	/wiki/Brooklyn_Nine-Nine	https://fr.wikipedia.org/wiki/Brooklyn_Nine-Nine	https://fr.vikidia.org/wiki/Brooklyn_Nine-Nine
Brooks	/wiki/Brooks	https://fr.wikipedia.org/wiki/Brooks	https://fr.vikidia.org/wiki/Brooks
Brosse à dents	/wiki/Brosse_%C3%A0_dents	https://fr.wikipedia.org/wiki/Brosse_%C3%A0_dents	https://fr.vikidia.org/wiki/Brosse_%C3%A0_dents
Brother (entreprise)	/wiki/Brother_(entreprise)	https://fr.wikipedia.org/wiki/Brother_(entreprise)	https://fr.vikidia.org/wiki/Brother_(entreprise)
Brouette	/wiki/Brouette	https://fr.wikipedia.org/wiki/Brouette	https://fr.vikidia.org/wiki/Brouette
Brouillard	/wiki/Brouillard	https://fr.wikipedia.org/wiki/Brouillard	https://fr.vikidia.org/wiki/Brouillard
Brousse	/wiki/Brousse	https://fr.wikipedia.org/wiki/Brousse	https://fr.vikidia.org/wiki/Brousse
Brousse (homonymie)	/wiki/Brousse_(homonymie)	https://fr.wikipedia.org/wiki/Brousse_(homonymie)	https://fr.vikidia.org/wiki/Brousse_(homonymie)
Brownie	/wiki/Brownie	https://fr.wikipedia.org/wiki/Brownie	https://fr.vikidia.org/wiki/Brownie
Broyeur de végétaux	/wiki/Broyeur_de_v%C3%A9g%C3%A9taux	https://fr.wikipedia.org/wiki/Broyeur_de_v%C3%A9g%C3%A9taux	https://fr.vikidia.org/wiki/Broyeur_de_v%C3%A9g%C3%A9taux
Bruant des roseaux	/wiki/Bruant_des_roseaux	https://fr.wikipedia.org/wiki/Bruant_des_roseaux	https://fr.vikidia.org/wiki/Bruant_des_roseaux
Bruant jaune	/wiki/Bruant_jaune	https://fr.wikipedia.org/wiki/Bruant_jaune	https://fr.vikidia.org/wiki/Bruant_jaune
Bruant ortolan	/wiki/Bruant_ortolan	https://fr.wikipedia.org/wiki/Bruant_ortolan	https://fr.vikidia.org/wiki/Bruant_ortolan
Bruce Coville	/wiki/Bruce_Coville	https://fr.wikipedia.org/wiki/Bruce_Coville	https://fr.vikidia.org/wiki/Bruce_Coville
Bruce Lee	/wiki/Bruce_Lee	https://fr.wikipedia.org/wiki/Bruce_Lee	https://fr.vikidia.org/wiki/Bruce_Lee
Bruce Springsteen	/wiki/Bruce_Springsteen	https://fr.wikipedia.org/wiki/Bruce_Springsteen	https://fr.vikidia.org/wiki/Bruce_Springsteen
Bruce Willis	/wiki/Bruce_Willis	https://fr.wikipedia.org/wiki/Bruce_Willis	https://fr.vikidia.org/wiki/Bruce_Willis
Brucella abortus	/wiki/Brucella_abortus	https://fr.wikipedia.org/wiki/Brucella_abortus	https://fr.vikidia.org/wiki/Brucella_abortus
Bruges	/wiki/Bruges	https://fr.wikipedia.org/wiki/Bruges	https://fr.vikidia.org/wiki/Bruges
Bruguières	/wiki/Brugui%C3%A8res	https://fr.wikipedia.org/wiki/Brugui%C3%A8res	https://fr.vikidia.org/wiki/Brugui%C3%A8res
Bruine	/wiki/Bruine	https://fr.wikipedia.org/wiki/Bruine	https://fr.vikidia.org/wiki/Bruine
Bruit	/wiki/Bruit	https://fr.wikipedia.org/wiki/Bruit	https://fr.vikidia.org/wiki/Bruit
Bruiteur	/wiki/Bruiteur	https://fr.wikipedia.org/wiki/Bruiteur	https://fr.vikidia.org/wiki/Bruiteur
Brun	/wiki/Brun	https://fr.wikipedia.org/wiki/Brun	https://fr.vikidia.org/wiki/Brun
Brundibar	/wiki/Brundibar	https://fr.wikipedia.org/wiki/Brundibar	https://fr.vikidia.org/wiki/Brundibar
Brunei	/wiki/Brunei	https://fr.wikipedia.org/wiki/Brunei	https://fr.vikidia.org/wiki/Brunei
Bruno Bernard	/wiki/Bruno_Bernard	https://fr.wikipedia.org/wiki/Bruno_Bernard	https://fr.vikidia.org/wiki/Bruno_Bernard
Bruno Boyadjian	/wiki/Bruno_Boyadjian	https://fr.wikipedia.org/wiki/Bruno_Boyadjian	https://fr.vikidia.org/wiki/Bruno_Boyadjian
Bruno Le Maire	/wiki/Bruno_Le_Maire	https://fr.wikipedia.org/wiki/Bruno_Le_Maire	https://fr.vikidia.org/wiki/Bruno_Le_Maire
Bruno Mars	/wiki/Bruno_Mars	https://fr.wikipedia.org/wiki/Bruno_Mars	https://fr.vikidia.org/wiki/Bruno_Mars
Bruno Mégret	/wiki/Bruno_M%C3%A9gret	https://fr.wikipedia.org/wiki/Bruno_M%C3%A9gret	https://fr.vikidia.org/wiki/Bruno_M%C3%A9gret
Brunswick	/wiki/Brunswick	https://fr.wikipedia.org/wiki/Brunswick	https://fr.vikidia.org/wiki/Brunswick
Brunswick (Basse-Saxe)	/wiki/Brunswick_(Basse-Saxe)	https://fr.wikipedia.org/wiki/Brunswick_(Basse-Saxe)	https://fr.vikidia.org/wiki/Brunswick_(Basse-Saxe)
Bruxelles	/wiki/Bruxelles	https://fr.wikipedia.org/wiki/Bruxelles	https://fr.vikidia.org/wiki/Bruxelles
Bruxisme	/wiki/Bruxisme	https://fr.wikipedia.org/wiki/Bruxisme	https://fr.vikidia.org/wiki/Bruxisme
Bruyère	/wiki/Bruy%C3%A8re	https://fr.wikipedia.org/wiki/Bruy%C3%A8re	https://fr.vikidia.org/wiki/Bruy%C3%A8re
Bruyère cendrée	/wiki/Bruy%C3%A8re_cendr%C3%A9e	https://fr.wikipedia.org/wiki/Bruy%C3%A8re_cendr%C3%A9e	https://fr.vikidia.org/wiki/Bruy%C3%A8re_cendr%C3%A9e
Bryan Spicer	/wiki/Bryan_Spicer	https://fr.wikipedia.org/wiki/Bryan_Spicer	https://fr.vikidia.org/wiki/Bryan_Spicer
Brème commune	/wiki/Br%C3%A8me_commune	https://fr.wikipedia.org/wiki/Br%C3%A8me_commune	https://fr.vikidia.org/wiki/Br%C3%A8me_commune
Brésil	/wiki/Br%C3%A9sil	https://fr.wikipedia.org/wiki/Br%C3%A9sil	https://fr.vikidia.org/wiki/Br%C3%A9sil
Brême	/wiki/Br%C3%AAme	https://fr.wikipedia.org/wiki/Br%C3%AAme	https://fr.vikidia.org/wiki/Br%C3%AAme
Brûlis	/wiki/Br%C3%BBlis	https://fr.wikipedia.org/wiki/Br%C3%BBlis	https://fr.vikidia.org/wiki/Br%C3%BBlis
Brûlure	/wiki/Br%C3%BBlure	https://fr.wikipedia.org/wiki/Br%C3%BBlure	https://fr.vikidia.org/wiki/Br%C3%BBlure
Bucarde tuberculée	/wiki/Bucarde_tubercul%C3%A9e	https://fr.wikipedia.org/wiki/Bucarde_tubercul%C3%A9e	https://fr.vikidia.org/wiki/Bucarde_tubercul%C3%A9e
Bucarde épineuse	/wiki/Bucarde_%C3%A9pineuse	https://fr.wikipedia.org/wiki/Bucarde_%C3%A9pineuse	https://fr.vikidia.org/wiki/Bucarde_%C3%A9pineuse
Bucarest	/wiki/Bucarest	https://fr.wikipedia.org/wiki/Bucarest	https://fr.vikidia.org/wiki/Bucarest
Buccin	/wiki/Buccin	https://fr.wikipedia.org/wiki/Buccin	https://fr.vikidia.org/wiki/Buccin
Buccin ondé	/wiki/Buccin_ond%C3%A9	https://fr.wikipedia.org/wiki/Buccin_ond%C3%A9	https://fr.vikidia.org/wiki/Buccin_ond%C3%A9
Bucentaure	/wiki/Bucentaure	https://fr.wikipedia.org/wiki/Bucentaure	https://fr.vikidia.org/wiki/Bucentaure
Bucheon	/wiki/Bucheon	https://fr.wikipedia.org/wiki/Bucheon	https://fr.vikidia.org/wiki/Bucheon
Buck	/wiki/Buck	https://fr.wikipedia.org/wiki/Buck	https://fr.vikidia.org/wiki/Buck
Buckingham Palace	/wiki/Buckingham_Palace	https://fr.wikipedia.org/wiki/Buckingham_Palace	https://fr.vikidia.org/wiki/Buckingham_Palace
Bucorve du Sud	/wiki/Bucorve_du_Sud	https://fr.wikipedia.org/wiki/Bucorve_du_Sud	https://fr.vikidia.org/wiki/Bucorve_du_Sud
Bucéphale	/wiki/Buc%C3%A9phale	https://fr.wikipedia.org/wiki/Buc%C3%A9phale	https://fr.vikidia.org/wiki/Buc%C3%A9phale
Bud Spencer	/wiki/Bud_Spencer	https://fr.wikipedia.org/wiki/Bud_Spencer	https://fr.vikidia.org/wiki/Bud_Spencer
Budapest	/wiki/Budapest	https://fr.wikipedia.org/wiki/Budapest	https://fr.vikidia.org/wiki/Budapest
Buddy Holly	/wiki/Buddy_Holly	https://fr.wikipedia.org/wiki/Buddy_Holly	https://fr.vikidia.org/wiki/Buddy_Holly
Budget de la France en 1788	/wiki/Budget_de_la_France_en_1788	https://fr.wikipedia.org/wiki/Budget_de_la_France_en_1788	https://fr.vikidia.org/wiki/Budget_de_la_France_en_1788
Buenos Aires	/wiki/Buenos_Aires	https://fr.wikipedia.org/wiki/Buenos_Aires	https://fr.vikidia.org/wiki/Buenos_Aires
Buffalo Bill	/wiki/Buffalo_Bill	https://fr.wikipedia.org/wiki/Buffalo_Bill	https://fr.vikidia.org/wiki/Buffalo_Bill
Buffalo Grill	/wiki/Buffalo_Grill	https://fr.wikipedia.org/wiki/Buffalo_Grill	https://fr.vikidia.org/wiki/Buffalo_Grill
Buffard	/wiki/Buffard	https://fr.wikipedia.org/wiki/Buffard	https://fr.vikidia.org/wiki/Buffard
Buffle	/wiki/Buffle	https://fr.wikipedia.org/wiki/Buffle	https://fr.vikidia.org/wiki/Buffle
Buffle d'Afrique	/wiki/Buffle_d%27Afrique	https://fr.wikipedia.org/wiki/Buffle_d%27Afrique	https://fr.vikidia.org/wiki/Buffle_d%27Afrique
Buffy contre les vampires	/wiki/Buffy_contre_les_vampires	https://fr.wikipedia.org/wiki/Buffy_contre_les_vampires	https://fr.vikidia.org/wiki/Buffy_contre_les_vampires
Bug	/wiki/Bug	https://fr.wikipedia.org/wiki/Bug	https://fr.vikidia.org/wiki/Bug
Bug (film)	/wiki/Bug_(film)	https://fr.wikipedia.org/wiki/Bug_(film)	https://fr.vikidia.org/wiki/Bug_(film)
Bug de l'an 2000	/wiki/Bug_de_l%27an_2000	https://fr.wikipedia.org/wiki/Bug_de_l%27an_2000	https://fr.vikidia.org/wiki/Bug_de_l%27an_2000
Bugarach	/wiki/Bugarach	https://fr.wikipedia.org/wiki/Bugarach	https://fr.vikidia.org/wiki/Bugarach
Bugatti	/wiki/Bugatti	https://fr.wikipedia.org/wiki/Bugatti	https://fr.vikidia.org/wiki/Bugatti
Bugey	/wiki/Bugey	https://fr.wikipedia.org/wiki/Bugey	https://fr.vikidia.org/wiki/Bugey
Bugne	/wiki/Bugne	https://fr.wikipedia.org/wiki/Bugne	https://fr.vikidia.org/wiki/Bugne
Bugs Bunny	/wiki/Bugs_Bunny	https://fr.wikipedia.org/wiki/Bugs_Bunny	https://fr.vikidia.org/wiki/Bugs_Bunny
Buis	/wiki/Buis	https://fr.wikipedia.org/wiki/Buis	https://fr.vikidia.org/wiki/Buis
Buisson	/wiki/Buisson	https://fr.wikipedia.org/wiki/Buisson	https://fr.vikidia.org/wiki/Buisson
Buix	/wiki/Buix	https://fr.wikipedia.org/wiki/Buix	https://fr.vikidia.org/wiki/Buix
Bujumbura	/wiki/Bujumbura	https://fr.wikipedia.org/wiki/Bujumbura	https://fr.vikidia.org/wiki/Bujumbura
Bukavu	/wiki/Bukavu	https://fr.wikipedia.org/wiki/Bukavu	https://fr.vikidia.org/wiki/Bukavu
Bukayo Saka	/wiki/Bukayo_Saka	https://fr.wikipedia.org/wiki/Bukayo_Saka	https://fr.vikidia.org/wiki/Bukayo_Saka
Bulbe	/wiki/Bulbe	https://fr.wikipedia.org/wiki/Bulbe	https://fr.vikidia.org/wiki/Bulbe
